timestamp_ns,head_pos_x,head_pos_y,head_pos_z,head_rot_qx,head_rot_qy,head_rot_qz,head_rot_qw
2287739600,0.007759,0.051193,-0.180484,0.057254,0.036686,-0.008555,-0.997649
2331708900,0.007824,0.050626,-0.178968,0.052722,0.037235,-0.008772,-0.997876
2370263100,0.007829,0.050102,-0.178326,0.048879,0.037945,-0.008630,-0.998046
2381882200,0.007769,0.049751,-0.178106,0.047035,0.038913,-0.008712,-0.998097
2414270600,0.007765,0.049649,-0.178109,0.046793,0.039148,-0.008594,-0.998100
2425113800,0.007800,0.049509,-0.178185,0.046323,0.039476,-0.008135,-0.998113
2456334100,0.007833,0.049433,-0.178257,0.045979,0.039615,-0.007926,-0.998125
2469521400,0.007954,0.049235,-0.178578,0.044871,0.039214,-0.007453,-0.998195
2502052300,0.008016,0.049129,-0.178727,0.044465,0.039005,-0.007262,-0.998223
2555464500,0.008164,0.048891,-0.179117,0.044095,0.038071,-0.006864,-0.998278
2588153200,0.008321,0.048762,-0.179525,0.044116,0.037457,-0.007284,-0.998298
2622928200,0.008323,0.048655,-0.179748,0.043855,0.037316,-0.007125,-0.998315
2656111700,0.008376,0.048319,-0.180143,0.043258,0.037821,-0.007121,-0.998322
2691170900,0.008339,0.048206,-0.180264,0.042909,0.038276,-0.006803,-0.998322
2725226600,0.008290,0.048048,-0.180395,0.041941,0.038862,-0.006374,-0.998344
2758610100,0.008325,0.048015,-0.180296,0.041322,0.038636,-0.006116,-0.998380
2768347500,0.008361,0.048073,-0.180133,0.040879,0.037815,-0.005783,-0.998432
2802857400,0.008365,0.048115,-0.180063,0.041203,0.037359,-0.005833,-0.998435
2812882900,0.008399,0.048301,-0.179810,0.041759,0.037139,-0.006069,-0.998419
2845168600,0.008398,0.048373,-0.179692,0.041823,0.036953,-0.005867,-0.998424
2856821400,0.008506,0.048405,-0.179399,0.041451,0.036853,-0.005723,-0.998444
2888566000,0.008610,0.048387,-0.179248,0.041116,0.036806,-0.005697,-0.998460
2900283300,0.008732,0.048369,-0.179000,0.040826,0.036506,-0.005704,-0.998483
2931443600,0.008791,0.048358,-0.178874,0.040529,0.036452,-0.005689,-0.998497
2970906900,0.008905,0.048222,-0.178530,0.039490,0.035965,-0.004854,-0.998561
3005102600,0.008990,0.048180,-0.178266,0.038849,0.035619,-0.004372,-0.998601
3014883000,0.009046,0.048209,-0.177968,0.038816,0.035486,-0.004278,-0.998607
3025434700,0.009049,0.048213,-0.177834,0.038740,0.035408,-0.004186,-0.998613
3055755200,0.009044,0.048206,-0.177713,0.038686,0.035348,-0.004225,-0.998617
3068215200,0.009042,0.048031,-0.177606,0.037722,0.035097,-0.004209,-0.998663
3098834200,0.009057,0.047921,-0.177567,0.037079,0.034902,-0.004148,-0.998694
3108859900,0.009312,0.047660,-0.177441,0.035907,0.034665,-0.004029,-0.998746
3141783800,0.009320,0.047543,-0.177439,0.035584,0.034640,-0.004007,-0.998758
3174501000,0.009341,0.047371,-0.177472,0.035079,0.034521,-0.003888,-0.998781
3184962700,0.009396,0.047143,-0.177601,0.033951,0.034121,-0.003577,-0.998835
3216848700,0.009433,0.047077,-0.177660,0.033805,0.034006,-0.003380,-0.998844
3227822900,0.009676,0.047068,-0.177687,0.034021,0.033811,-0.002943,-0.998845
3259540500,0.009743,0.047116,-0.177707,0.034052,0.033663,-0.002794,-0.998849
3269774100,0.009857,0.047513,-0.177690,0.036145,0.033517,-0.002037,-0.998782
3302835500,0.009928,0.047815,-0.177639,0.037560,0.033257,-0.001400,-0.998740
3337551800,0.010228,0.049226,-0.177239,0.042512,0.032344,-0.000227,-0.998572
3372987700,0.010684,0.051418,-0.176414,0.051913,0.031417,0.001397,-0.998156
3406096700,0.011456,0.055476,-0.175117,0.072210,0.030392,0.003817,-0.996919
3440657100,0.012171,0.058018,-0.174375,0.084578,0.029829,0.005150,-0.995957
3473690100,0.013595,0.061019,-0.173466,0.098704,0.029008,0.008430,-0.994658
3506922000,0.014915,0.062158,-0.172904,0.102440,0.028964,0.010192,-0.994265
3518339600,0.017041,0.063830,-0.171718,0.108903,0.030002,0.011340,-0.993535
3530503800,0.017802,0.064226,-0.171276,0.110858,0.030511,0.012104,-0.993294
3570219700,0.018633,0.064480,-0.170797,0.111867,0.031229,0.013056,-0.993147
3604430200,0.020585,0.064858,-0.169818,0.111731,0.033049,0.014342,-0.993085
3638850200,0.023843,0.065249,-0.168035,0.111785,0.036169,0.015718,-0.992950
3672341000,0.026244,0.065247,-0.166705,0.110427,0.038067,0.017127,-0.993007
3704654300,0.028717,0.065185,-0.165266,0.109017,0.039015,0.018730,-0.993097
3714360400,0.032441,0.064577,-0.163167,0.104498,0.039986,0.020406,-0.993511
3746834700,0.033631,0.064196,-0.162486,0.102816,0.040155,0.020980,-0.993668
3757032600,0.035892,0.063298,-0.161300,0.097614,0.040055,0.022670,-0.994160
3790422800,0.036960,0.062808,-0.160756,0.094489,0.039828,0.023619,-0.994449
3801632600,0.039008,0.061998,-0.159639,0.088630,0.039347,0.024704,-0.994981
3834046000,0.039911,0.061585,-0.159071,0.086375,0.039062,0.024715,-0.995190
3865986300,0.041557,0.060799,-0.158105,0.081687,0.038515,0.025492,-0.995587
3876031500,0.043161,0.060158,-0.157339,0.077240,0.038656,0.025962,-0.995925
3884806900,0.043918,0.059904,-0.156955,0.075464,0.038879,0.025939,-0.996053
3916953900,0.044649,0.059709,-0.156523,0.074016,0.039061,0.025990,-0.996153
3927799700,0.046103,0.059317,-0.155544,0.072479,0.039682,0.025662,-0.996250
3937778100,0.046815,0.058998,-0.155010,0.071230,0.039875,0.025558,-0.996335
3974030900,0.047520,0.058624,-0.154445,0.069360,0.040170,0.025421,-0.996459
4006990100,0.048906,0.057776,-0.153234,0.065256,0.040503,0.024633,-0.996742
4048802200,0.050891,0.056223,-0.151193,0.056999,0.039723,0.022729,-0.997325
4058564900,0.052745,0.054490,-0.148706,0.047353,0.037630,0.022108,-0.997924
4094222800,0.053338,0.053870,-0.147747,0.044030,0.037069,0.021650,-0.998108
4105047100,0.054210,0.052812,-0.145609,0.036722,0.035817,0.020791,-0.998467
4136931800,0.054582,0.052540,-0.144438,0.033310,0.035364,0.020530,-0.998608
4147065700,0.055240,0.051872,-0.142042,0.028706,0.035749,0.019087,-0.998766
4178048300,0.055468,0.051458,-0.140901,0.025862,0.036181,0.017929,-0.998850
4223322800,0.056111,0.050235,-0.137762,0.016055,0.038980,0.016182,-0.998980
4233432900,0.056401,0.049502,-0.135728,0.011735,0.039071,0.017220,-0.999019
4265371500,0.056594,0.049149,-0.134765,0.009666,0.039018,0.017308,-0.999042
4275867900,0.057023,0.048211,-0.133053,0.005574,0.038357,0.016705,-0.999109
4306922000,0.057261,0.047699,-0.132363,0.002864,0.037942,0.016542,-0.999139
4317620900,0.057705,0.046968,-0.131474,-0.002146,0.036724,0.017059,-0.999178
4347047300,0.057842,0.046625,-0.131025,-0.004023,0.036058,0.017354,-0.999191
4357850100,0.058138,0.045900,-0.130529,-0.007092,0.034754,0.018319,-0.999203
4394786400,0.058310,0.045561,-0.130388,-0.008642,0.034074,0.018862,-0.999204
4404761700,0.058600,0.045033,-0.130296,-0.011001,0.032773,0.019541,-0.999211
4413768300,0.058738,0.044814,-0.130355,-0.011815,0.032074,0.019803,-0.999220
4423520400,0.058870,0.044705,-0.130492,-0.012280,0.031234,0.020169,-0.999233
4464616500,0.059039,0.044611,-0.130590,-0.011794,0.030401,0.021097,-0.999246
4473673400,0.059340,0.044913,-0.131016,-0.009795,0.028907,0.022201,-0.999288
4482792800,0.059508,0.045040,-0.131260,-0.008740,0.028314,0.022674,-0.999304
4521792200,0.059657,0.045208,-0.131760,-0.008144,0.027567,0.022923,-0.999324
4562997200,0.059935,0.045748,-0.133019,-0.005394,0.026434,0.023578,-0.999358
4601972800,0.059919,0.046794,-0.134332,0.001135,0.025964,0.024495,-0.999362
4635494700,0.059791,0.047618,-0.135305,0.004963,0.025988,0.025525,-0.999324
4645483800,0.059544,0.049968,-0.136489,0.016594,0.026398,0.026240,-0.999169
4655785300,0.059387,0.050962,-0.136834,0.022253,0.026546,0.026364,-0.999052
4693137600,0.059259,0.051872,-0.137351,0.027537,0.026989,0.026487,-0.998905
4729481100,0.058913,0.053162,-0.138801,0.034022,0.027318,0.027537,-0.998668
4739634300,0.058320,0.055007,-0.141040,0.042971,0.027273,0.028493,-0.998298
4777764300,0.058134,0.055447,-0.141785,0.046208,0.027212,0.028592,-0.998152
4809360900,0.057641,0.056178,-0.143385,0.050805,0.027045,0.028036,-0.997949
4820236400,0.057132,0.056634,-0.144972,0.053540,0.026544,0.027406,-0.997837
4830100100,0.056847,0.056747,-0.145757,0.054598,0.026166,0.027096,-0.997798
4862829200,0.056559,0.056782,-0.146532,0.055416,0.025870,0.026587,-0.997774
4896884600,0.056000,0.056665,-0.147970,0.055316,0.025621,0.025306,-0.997819
4907870000,0.055002,0.056308,-0.149847,0.054700,0.025259,0.024280,-0.997888
4941401700,0.054683,0.056169,-0.150370,0.054721,0.025348,0.024051,-0.997890
4951061900,0.054064,0.056071,-0.151311,0.054416,0.025289,0.023691,-0.997917
4984000200,0.053765,0.056030,-0.151707,0.054371,0.025144,0.023478,-0.997928
4993644300,0.053252,0.056088,-0.152293,0.054545,0.024736,0.022574,-0.997950
5024910300,0.053014,0.056087,-0.152504,0.054958,0.024506,0.022031,-0.997945
5061573700,0.052628,0.056041,-0.152766,0.055542,0.024127,0.020556,-0.997953
5072044700,0.051965,0.055822,-0.153227,0.054454,0.023913,0.018749,-0.998054
5109278400,0.051718,0.055734,-0.153331,0.053592,0.023737,0.018319,-0.998113
5119723600,0.051263,0.055621,-0.153432,0.052661,0.024025,0.017880,-0.998163
5152852100,0.051040,0.055537,-0.153482,0.052487,0.024256,0.017559,-0.998173
5186877700,0.050606,0.055402,-0.153463,0.051800,0.025012,0.017143,-0.998197
5220630000,0.050006,0.055146,-0.153215,0.050371,0.026279,0.017400,-0.998233
5231753800,0.049742,0.054874,-0.152973,0.048934,0.026949,0.017307,-0.998288
5264408500,0.049627,0.054721,-0.152875,0.048251,0.027206,0.017135,-0.998318
5274921800,0.049435,0.054217,-0.152944,0.045917,0.027550,0.016712,-0.998426
5307038800,0.049366,0.054014,-0.152850,0.044684,0.027666,0.016609,-0.998480
5318017000,0.049317,0.053476,-0.152620,0.041993,0.028009,0.016165,-0.998595
5349779200,0.049298,0.053140,-0.152487,0.040486,0.028149,0.016257,-0.998651
5364710100,0.049229,0.052546,-0.152220,0.037331,0.028336,0.017132,-0.998754
5395918900,0.049189,0.052229,-0.152089,0.035820,0.028414,0.017427,-0.998802
5405202200,0.049265,0.051356,-0.151622,0.031041,0.028173,0.018094,-0.998957
5443075700,0.049376,0.050992,-0.151441,0.029286,0.027989,0.018406,-0.999010
5452598300,0.049553,0.050221,-0.151093,0.024820,0.027135,0.018859,-0.999146
5462687500,0.049674,0.049813,-0.150876,0.022481,0.026654,0.019206,-0.999207
5497228500,0.049816,0.049367,-0.150633,0.019854,0.026121,0.019455,-0.999272
5535969300,0.049985,0.048341,-0.150082,0.014343,0.024740,0.019795,-0.999395
5546173200,0.050443,0.046834,-0.149152,0.005942,0.022348,0.020326,-0.999526
5581398700,0.050627,0.046274,-0.148804,0.003049,0.021617,0.020260,-0.999556
5614318700,0.050925,0.045149,-0.148020,-0.003174,0.020345,0.019932,-0.999589
5647361800,0.051038,0.044105,-0.147072,-0.009004,0.019225,0.019641,-0.999582
5658347400,0.051174,0.043151,-0.145493,-0.014436,0.017883,0.019837,-0.999539
5691901300,0.051190,0.042917,-0.145017,-0.015619,0.017710,0.019823,-0.999525
5703481100,0.051224,0.042480,-0.144223,-0.017347,0.017769,0.020004,-0.999492
5736370100,0.051195,0.042444,-0.143775,-0.018253,0.017908,0.019903,-0.999475
5769539000,0.051208,0.042498,-0.143306,-0.018285,0.018338,0.020029,-0.999464
5809592900,0.051123,0.042563,-0.142482,-0.018311,0.018817,0.020447,-0.999446
5843130300,0.051079,0.042546,-0.142232,-0.018642,0.019014,0.020420,-0.999437
5854132700,0.050989,0.042385,-0.141789,-0.019433,0.019023,0.020590,-0.999418
5864008800,0.050936,0.042307,-0.141623,-0.019691,0.018868,0.020810,-0.999411
5901502600,0.050901,0.042238,-0.141497,-0.019914,0.018686,0.021001,-0.999406
5934448500,0.050911,0.042113,-0.141410,-0.020534,0.018223,0.021051,-0.999401
5968901400,0.050931,0.041973,-0.141399,-0.021044,0.017789,0.021136,-0.999397
6004627900,0.050857,0.041885,-0.141519,-0.021351,0.016852,0.021300,-0.999403
6036596200,0.050773,0.041963,-0.141718,-0.020923,0.016471,0.021246,-0.999420
6046702600,0.050710,0.042034,-0.142109,-0.020559,0.015762,0.021200,-0.999440
6079523100,0.050680,0.042080,-0.142260,-0.020234,0.015455,0.021257,-0.999450
6089981600,0.050672,0.042264,-0.142376,-0.019256,0.015233,0.021185,-0.999474
6099711300,0.050672,0.042345,-0.142380,-0.018803,0.014981,0.021283,-0.999484
6136636800,0.050650,0.042420,-0.142426,-0.018628,0.014702,0.021412,-0.999489
6174239300,0.050605,0.042530,-0.142627,-0.018309,0.014519,0.021229,-0.999502
6183699300,0.050528,0.042706,-0.142864,-0.017648,0.014189,0.020977,-0.999524
6220019000,0.050488,0.042753,-0.142918,-0.017332,0.014148,0.020819,-0.999533
6229776700,0.050488,0.042949,-0.142890,-0.016823,0.014100,0.020911,-0.999540
6262229900,0.050450,0.043001,-0.142919,-0.016634,0.014156,0.020889,-0.999543
6271995700,0.050329,0.043068,-0.142971,-0.016484,0.014266,0.020559,-0.999551
6304198400,0.050260,0.043098,-0.142995,-0.016478,0.014239,0.020469,-0.999553
6314727300,0.050137,0.043130,-0.142955,-0.016287,0.014327,0.020344,-0.999558
6346412000,0.050095,0.043108,-0.142840,-0.016064,0.014386,0.020227,-0.999563
6357379300,0.050014,0.043089,-0.142632,-0.015713,0.014170,0.020236,-0.999571
6396642400,0.049986,0.043120,-0.142600,-0.015661,0.014157,0.020189,-0.999573
6429888000,0.049900,0.043189,-0.142520,-0.015388,0.013927,0.020190,-0.999581
6462601900,0.049898,0.043251,-0.142510,-0.015198,0.013605,0.020226,-0.999587
6472647700,0.050026,0.043579,-0.142440,-0.013260,0.013271,0.020195,-0.999620
6481697900,0.050032,0.043747,-0.142381,-0.012387,0.013116,0.020108,-0.999635
6513506900,0.050037,0.043917,-0.142333,-0.011539,0.012867,0.020046,-0.999650
6524748100,0.050051,0.044162,-0.142298,-0.010617,0.012566,0.020131,-0.999662
6558026800,0.050050,0.044239,-0.142296,-0.010327,0.012333,0.020116,-0.999668
6590290300,0.050068,0.044242,-0.142383,-0.010176,0.012156,0.019905,-0.999676
6601082300,0.050079,0.044299,-0.142503,-0.009266,0.011844,0.019921,-0.999689
6637672700,0.050068,0.044388,-0.142471,-0.008739,0.011663,0.020148,-0.999691
6647439300,0.050089,0.044484,-0.142426,-0.008071,0.011349,0.020009,-0.999703
6655807000,0.050108,0.044495,-0.142413,-0.007944,0.011263,0.019886,-0.999707
6690177700,0.050135,0.044474,-0.142417,-0.007988,0.011167,0.019741,-0.999711
6699774100,0.050169,0.044590,-0.142484,-0.007497,0.010696,0.020277,-0.999709
6733844000,0.050189,0.044702,-0.142482,-0.006925,0.010573,0.020333,-0.999713
6767587200,0.050302,0.044969,-0.142486,-0.005831,0.010176,0.020314,-0.999725
6802663900,0.050406,0.044950,-0.142820,-0.005162,0.009636,0.020468,-0.999731
6834289500,0.050558,0.044898,-0.143122,-0.004674,0.009064,0.020654,-0.999735
6844539800,0.050636,0.044901,-0.143285,-0.004309,0.008769,0.020700,-0.999738
6875502300,0.050674,0.044906,-0.143413,-0.004198,0.008612,0.020782,-0.999738
6885739300,0.050725,0.044899,-0.143634,-0.004172,0.008486,0.021006,-0.999735
6917981200,0.050754,0.044896,-0.143652,-0.004213,0.008483,0.021083,-0.999733
6952720900,0.050806,0.044908,-0.143701,-0.004008,0.008451,0.021114,-0.999733
6986320200,0.050894,0.044940,-0.143878,-0.003502,0.008205,0.021608,-0.999727
7020282900,0.050945,0.044868,-0.143881,-0.003682,0.008221,0.021385,-0.999731
7030102100,0.050949,0.044800,-0.143985,-0.004005,0.008194,0.021336,-0.999731
7067615900,0.050928,0.044793,-0.143917,-0.003903,0.008251,0.021346,-0.999731
7099022000,0.050895,0.044791,-0.143794,-0.003751,0.008303,0.021701,-0.999723
7109544900,0.050833,0.044699,-0.143997,-0.003833,0.008166,0.021926,-0.999719
7142190000,0.050830,0.044662,-0.143925,-0.003931,0.008093,0.021925,-0.999719
7152585300,0.050828,0.044614,-0.143730,-0.003971,0.007987,0.021728,-0.999724
7183969100,0.050812,0.044597,-0.143661,-0.003974,0.007908,0.021708,-0.999725
7194680400,0.050770,0.044606,-0.143803,-0.004128,0.007963,0.021680,-0.999725
7204011500,0.050742,0.044563,-0.143713,-0.004280,0.008007,0.021605,-0.999725
7236819600,0.050709,0.044507,-0.143629,-0.004370,0.008104,0.021525,-0.999726
7274956000,0.050626,0.044396,-0.143563,-0.004731,0.008330,0.021564,-0.999722
7306481000,0.050530,0.044323,-0.143574,-0.004852,0.008478,0.021505,-0.999721
7325719700,0.050588,0.044332,-0.143490,-0.004614,0.008282,0.021470,-0.999725
7359877600,0.050666,0.044338,-0.143578,-0.004842,0.007844,0.021562,-0.999725
7391536900,0.050769,0.044271,-0.143559,-0.004951,0.007576,0.021720,-0.999723
7402012600,0.050790,0.044278,-0.143505,-0.004638,0.007791,0.022235,-0.999712
7433305200,0.050779,0.044283,-0.143518,-0.004420,0.008054,0.022477,-0.999705
7443291000,0.050632,0.044276,-0.143552,-0.004341,0.009496,0.022953,-0.999682
7473572700,0.050527,0.044252,-0.143522,-0.004302,0.010348,0.023253,-0.999667
7484039300,0.050206,0.044230,-0.143534,-0.004333,0.012862,0.023836,-0.999624
7515301200,0.050053,0.044258,-0.143589,-0.004323,0.014044,0.024103,-0.999602
7556150700,0.049746,0.044289,-0.143688,-0.004357,0.016017,0.024813,-0.999554
7588986800,0.049334,0.044228,-0.143725,-0.004574,0.018626,0.025747,-0.999485
7598853800,0.048932,0.044407,-0.143875,-0.003926,0.021691,0.025903,-0.999421
7608099500,0.048629,0.044437,-0.143853,-0.003539,0.023602,0.026273,-0.999370
7617895600,0.048187,0.044460,-0.143854,-0.003299,0.025762,0.026699,-0.999306
7648040900,0.047813,0.044476,-0.143866,-0.003237,0.027964,0.027294,-0.999231
7659379200,0.047109,0.044533,-0.144045,-0.002973,0.032335,0.027137,-0.999104
7691528000,0.046689,0.044600,-0.144144,-0.002771,0.034834,0.026559,-0.999036
7702629800,0.045667,0.044640,-0.144273,-0.002208,0.040328,0.026356,-0.998837
7735407900,0.045129,0.044655,-0.144344,-0.002194,0.043038,0.026298,-0.998725
7747835200,0.044093,0.044915,-0.144621,-0.002117,0.049052,0.025764,-0.998462
7779415500,0.043459,0.044999,-0.144665,-0.001971,0.052225,0.025309,-0.998313
7790812800,0.042006,0.045127,-0.144779,-0.000804,0.059739,0.025570,-0.997886
7822123600,0.041241,0.045182,-0.144867,-0.000307,0.063771,0.025809,-0.997631
7833540400,0.039674,0.045435,-0.145241,-0.000148,0.072531,0.026152,-0.997023
7843569700,0.038834,0.045433,-0.145348,-0.000025,0.076863,0.026289,-0.996695
7874334700,0.037995,0.045487,-0.145428,-0.000162,0.081326,0.026232,-0.996342
7912577800,0.036460,0.045548,-0.145605,0.000076,0.089449,0.026637,-0.995635
7923205100,0.034320,0.045716,-0.145801,0.001049,0.100001,0.025678,-0.994656
7956066000,0.033608,0.045717,-0.145829,0.001500,0.103404,0.025432,-0.994313
7965856200,0.032193,0.045679,-0.146005,0.001118,0.109809,0.025273,-0.993631
7997458700,0.031504,0.045696,-0.146054,0.000706,0.112967,0.024807,-0.993289
8007294100,0.030160,0.045617,-0.146367,0.000442,0.119351,0.024272,-0.992555
8016995100,0.029440,0.045620,-0.146565,0.000194,0.122438,0.023951,-0.992187
8052576600,0.028776,0.045564,-0.146703,0.000019,0.125385,0.023982,-0.991818
8094216900,0.027522,0.045484,-0.146803,-0.000095,0.131207,0.022824,-0.991092
8126792000,0.025791,0.045117,-0.146953,-0.001567,0.139017,0.022001,-0.990044
8160450200,0.024996,0.044889,-0.147213,-0.003512,0.142170,0.021300,-0.989607
8170727100,0.024235,0.044572,-0.147149,-0.004616,0.144670,0.019346,-0.989280
8182162100,0.024090,0.044432,-0.147069,-0.005037,0.144611,0.018964,-0.989294
8220141200,0.023838,0.044310,-0.147018,-0.005721,0.143985,0.018745,-0.989386
8257804100,0.023979,0.044095,-0.146744,-0.006799,0.142020,0.018729,-0.989663
8268547200,0.024148,0.044077,-0.146558,-0.006751,0.139760,0.018481,-0.989990
8303664700,0.024245,0.044088,-0.146523,-0.006977,0.139016,0.018396,-0.990095
8335034500,0.024387,0.044014,-0.146377,-0.007255,0.139033,0.017895,-0.990100
8345162400,0.024368,0.043950,-0.146261,-0.007548,0.139505,0.018000,-0.990029
8375827700,0.024372,0.043915,-0.146206,-0.007748,0.139789,0.018049,-0.989987
8387758700,0.024560,0.043926,-0.146103,-0.008470,0.139305,0.018298,-0.990044
8418556400,0.024679,0.043876,-0.146042,-0.008873,0.138597,0.018295,-0.990140
8429815400,0.025265,0.043833,-0.145834,-0.009012,0.134910,0.018671,-0.990641
8462090500,0.025876,0.043831,-0.145660,-0.008918,0.132214,0.019232,-0.990995
8472868000,0.027382,0.043882,-0.145242,-0.008723,0.123512,0.018756,-0.992128
8483694800,0.028265,0.043852,-0.145071,-0.008439,0.118487,0.018121,-0.992755
8515447300,0.029293,0.043844,-0.144920,-0.008633,0.112960,0.017906,-0.993401
8526180300,0.031837,0.043665,-0.144608,-0.009297,0.097558,0.018237,-0.995019
8558787800,0.033355,0.043541,-0.144327,-0.009687,0.089469,0.017664,-0.995786
8569083700,0.036100,0.043459,-0.143847,-0.009135,0.073842,0.015152,-0.997113
8600089900,0.037384,0.043460,-0.143652,-0.008975,0.066739,0.014623,-0.997623
8609905700,0.039707,0.043290,-0.143423,-0.009999,0.055029,0.014725,-0.998326
8641930500,0.040725,0.043142,-0.143363,-0.010758,0.049471,0.014449,-0.998613
8652207600,0.042406,0.043050,-0.143137,-0.011843,0.041918,0.014758,-0.998942
8662115300,0.043027,0.043083,-0.143045,-0.011828,0.038895,0.015219,-0.999057
8695367000,0.043585,0.043142,-0.142936,-0.011498,0.036731,0.016054,-0.999130
8729929500,0.044459,0.043128,-0.142878,-0.010906,0.034369,0.017071,-0.999204
8740952900,0.045279,0.043441,-0.142861,-0.010152,0.032262,0.017807,-0.999269
8777207600,0.045507,0.043535,-0.142866,-0.009731,0.032160,0.018073,-0.999272
8810988700,0.045862,0.043631,-0.142930,-0.009490,0.032252,0.018255,-0.999268
8845279400,0.045978,0.043673,-0.143019,-0.009278,0.032572,0.018314,-0.999259
8883600100,0.046104,0.043865,-0.142925,-0.008706,0.032545,0.017935,-0.999272
8917068700,0.046122,0.043992,-0.142742,-0.008595,0.032150,0.017558,-0.999292
8949679700,0.046042,0.043847,-0.142694,-0.009097,0.032165,0.017289,-0.999292
8959888900,0.045903,0.043622,-0.142652,-0.010100,0.031861,0.017730,-0.999284
8968401300,0.045846,0.043548,-0.142634,-0.010727,0.031619,0.018042,-0.999280
8976690300,0.045795,0.043474,-0.142619,-0.011327,0.031306,0.018171,-0.999281
9013133600,0.045763,0.043410,-0.142597,-0.011796,0.030934,0.018159,-0.999287
9046444100,0.045744,0.043167,-0.142532,-0.013114,0.029829,0.018022,-0.999307
9056473400,0.045718,0.042989,-0.142387,-0.013731,0.028924,0.017944,-0.999326
9068319300,0.045687,0.042921,-0.142315,-0.013985,0.028429,0.017954,-0.999337
9100177800,0.045646,0.042864,-0.142226,-0.014188,0.028177,0.017953,-0.999341
9110850000,0.045451,0.042731,-0.141968,-0.014431,0.027944,0.018228,-0.999339
9141519400,0.045396,0.042715,-0.141885,-0.014446,0.027899,0.018473,-0.999336
9151765100,0.045239,0.042782,-0.141685,-0.014310,0.027680,0.019315,-0.999328
9183224000,0.045186,0.042819,-0.141580,-0.014173,0.027614,0.019611,-0.999326
9193973800,0.045130,0.042811,-0.141419,-0.014345,0.027382,0.019835,-0.999325
9224480900,0.045101,0.042760,-0.141388,-0.014520,0.027219,0.020018,-0.999324
9234429600,0.045058,0.042580,-0.141499,-0.015517,0.026986,0.020102,-0.999313
9280005800,0.045071,0.042344,-0.141489,-0.016443,0.027005,0.020120,-0.999298
9290268100,0.045099,0.042252,-0.141458,-0.016652,0.026988,0.020225,-0.999292
9300544100,0.045118,0.042262,-0.141423,-0.016687,0.027066,0.020282,-0.999289
9338501000,0.045177,0.042361,-0.141383,-0.016350,0.027134,0.020428,-0.999289
9348352500,0.045390,0.042561,-0.141355,-0.015749,0.027279,0.020350,-0.999297
9357087800,0.045483,0.042647,-0.141350,-0.015512,0.027415,0.020270,-0.999298
9388134800,0.045582,0.042735,-0.141364,-0.015183,0.027491,0.020439,-0.999298
9424619600,0.045783,0.042983,-0.141415,-0.014208,0.027841,0.020936,-0.999292
9459578100,0.046200,0.043350,-0.141455,-0.012594,0.027879,0.021159,-0.999308
9491943100,0.046450,0.043651,-0.141622,-0.011828,0.027579,0.021461,-0.999319
9502782500,0.046796,0.043708,-0.141744,-0.011115,0.027195,0.021826,-0.999330
9511831600,0.046955,0.043727,-0.141809,-0.010903,0.026973,0.022076,-0.999333
9542780200,0.047110,0.043737,-0.141880,-0.010655,0.026757,0.022339,-0.999336
9554663400,0.047392,0.043748,-0.142012,-0.010535,0.026332,0.022737,-0.999339
9586039100,0.047533,0.043761,-0.142076,-0.010463,0.026129,0.022777,-0.999344
9596062000,0.047781,0.043816,-0.142170,-0.010536,0.025577,0.023006,-0.999353
9626377800,0.047894,0.043830,-0.142245,-0.010499,0.025414,0.023230,-0.999352
9675304000,0.048159,0.044032,-0.142335,-0.009558,0.024958,0.023674,-0.999363
9715795200,0.048386,0.044422,-0.142463,-0.008872,0.024755,0.024029,-0.999365
9726018800,0.048520,0.044627,-0.142545,-0.008223,0.024467,0.024554,-0.999365
9761017400,0.048556,0.044674,-0.142537,-0.008027,0.024336,0.024629,-0.999368
9771512100,0.048606,0.044752,-0.142499,-0.007715,0.024203,0.024385,-0.999380
9781657600,0.048620,0.044767,-0.142488,-0.007588,0.024221,0.024342,-0.999382
9817454000,0.048625,0.044788,-0.142463,-0.007584,0.024264,0.024382,-0.999380
9856616800,0.048797,0.044804,-0.142563,-0.007374,0.024480,0.024640,-0.999369
9890519600,0.048744,0.044786,-0.142425,-0.007231,0.024711,0.025044,-0.999355
9924714700,0.048734,0.044782,-0.142344,-0.007475,0.024428,0.025168,-0.999357
9959100000,0.048625,0.044874,-0.142237,-0.007834,0.024107,0.025240,-0.999360
9993314900,0.048439,0.045043,-0.142079,-0.007320,0.024018,0.025433,-0.999361
10025340800,0.048242,0.045200,-0.141786,-0.006988,0.024002,0.025755,-0.999356
10036291300,0.048119,0.045139,-0.141676,-0.007683,0.024111,0.025576,-0.999353
10069389900,0.048131,0.045083,-0.141682,-0.007796,0.024259,0.025636,-0.999347
10102949000,0.048095,0.044959,-0.141651,-0.008235,0.024383,0.025754,-0.999337
10136829000,0.047941,0.044814,-0.141506,-0.008967,0.024411,0.025878,-0.999327
10168789000,0.047772,0.044524,-0.141256,-0.010573,0.024165,0.025733,-0.999321
10179021700,0.047712,0.044179,-0.141313,-0.012159,0.023458,0.025325,-0.999330
10188729400,0.047686,0.044016,-0.141344,-0.012934,0.023079,0.025223,-0.999332
10219480100,0.047664,0.043847,-0.141346,-0.013648,0.022632,0.025080,-0.999336
10256275200,0.047636,0.043578,-0.141292,-0.014856,0.021660,0.024741,-0.999349
10291612700,0.047633,0.043495,-0.141128,-0.014883,0.020142,0.023831,-0.999402
10325369000,0.047914,0.043807,-0.140941,-0.012330,0.018120,0.023074,-0.999494
10335566100,0.048203,0.044053,-0.140832,-0.011440,0.015851,0.022507,-0.999556
10346210300,0.048293,0.044126,-0.140802,-0.011206,0.014839,0.022343,-0.999578
10378445900,0.048386,0.044175,-0.140778,-0.011041,0.013942,0.022177,-0.999596
10411703600,0.048551,0.044197,-0.140708,-0.010851,0.012174,0.022166,-0.999621
10422646600,0.048958,0.044306,-0.140541,-0.010566,0.009947,0.022432,-0.999643
10453955300,0.049080,0.044300,-0.140474,-0.010688,0.009191,0.022417,-0.999649
10491956300,0.049298,0.044090,-0.140358,-0.011538,0.007959,0.022294,-0.999653
10502815200,0.049501,0.043908,-0.140227,-0.012213,0.006911,0.022252,-0.999654
10511242400,0.049604,0.043825,-0.140156,-0.012423,0.006461,0.022195,-0.999656
10541308600,0.049722,0.043744,-0.140087,-0.012770,0.006041,0.022183,-0.999654
10551933700,0.050092,0.043537,-0.140010,-0.013387,0.005106,0.022146,-0.999652
10582180500,0.050201,0.043442,-0.139960,-0.013671,0.004587,0.022278,-0.999648
10592945800,0.050413,0.043236,-0.139878,-0.014464,0.003863,0.021986,-0.999646
10624592600,0.050522,0.043131,-0.139841,-0.014709,0.003526,0.021867,-0.999647
10635279500,0.050699,0.042986,-0.139800,-0.015562,0.002680,0.022222,-0.999628
10672064900,0.050760,0.042964,-0.139782,-0.015770,0.002358,0.022491,-0.999620
10681956300,0.050840,0.043046,-0.139715,-0.016061,0.001762,0.022431,-0.999618
10690975400,0.050904,0.043038,-0.139672,-0.016089,0.001490,0.022424,-0.999618
10723983300,0.050970,0.043036,-0.139622,-0.016275,0.001211,0.022340,-0.999617
10759694300,0.051009,0.042975,-0.139518,-0.016535,0.000888,0.022321,-0.999614
10793659700,0.050989,0.042746,-0.139452,-0.017130,0.000895,0.022480,-0.999600
10804818500,0.050875,0.042544,-0.139418,-0.017768,0.001402,0.022761,-0.999582
10839087800,0.050794,0.042463,-0.139372,-0.018188,0.001643,0.022944,-0.999570
10876254000,0.050548,0.042227,-0.139206,-0.019178,0.002182,0.022899,-0.999552
10907772400,0.050384,0.042174,-0.139094,-0.019404,0.002263,0.022691,-0.999552
10917802400,0.050088,0.042252,-0.139060,-0.019674,0.002219,0.022501,-0.999551
10927134300,0.050021,0.042221,-0.139015,-0.019757,0.002149,0.022313,-0.999554
10958567600,0.049955,0.042194,-0.138972,-0.019926,0.002041,0.022203,-0.999553
10995006200,0.049824,0.042196,-0.138863,-0.019717,0.001808,0.022056,-0.999561
11004573700,0.049642,0.042228,-0.138652,-0.019007,0.001679,0.022342,-0.999568
11037597700,0.049622,0.042218,-0.138573,-0.018996,0.001665,0.022488,-0.999565
11049467600,0.049492,0.042151,-0.138477,-0.019265,0.001725,0.022684,-0.999556
11059459400,0.049402,0.042130,-0.138438,-0.019431,0.001797,0.022696,-0.999552
11095177400,0.049316,0.042104,-0.138398,-0.019514,0.001899,0.022548,-0.999554
11132944700,0.049212,0.042001,-0.138332,-0.019681,0.001999,0.022297,-0.999556
11165909600,0.049102,0.041862,-0.138394,-0.020731,0.001409,0.022175,-0.999538
11176273500,0.049100,0.041745,-0.138501,-0.021077,0.000742,0.022280,-0.999529
11208531000,0.049095,0.041708,-0.138543,-0.021347,0.000499,0.022231,-0.999525
11242465700,0.049078,0.041654,-0.138682,-0.021378,0.000182,0.022263,-0.999524
11252457500,0.049018,0.041697,-0.138912,-0.021411,-0.000009,0.021995,-0.999529
11288297900,0.049015,0.041758,-0.138992,-0.021398,-0.000001,0.021967,-0.999530
11298635700,0.049003,0.041793,-0.139284,-0.021385,-0.000060,0.022089,-0.999527
11331114500,0.048998,0.041794,-0.139438,-0.021354,-0.000089,0.022163,-0.999526
11342930800,0.049020,0.041804,-0.139770,-0.021066,-0.000400,0.022380,-0.999528
11375301300,0.049042,0.041812,-0.139918,-0.020929,-0.000575,0.022604,-0.999525
11386645600,0.049072,0.041794,-0.140088,-0.020805,-0.001019,0.022830,-0.999522
11418692700,0.049081,0.041786,-0.140258,-0.020808,-0.001370,0.022922,-0.999520
11458026100,0.049102,0.041682,-0.140801,-0.021122,-0.002460,0.023620,-0.999495
11469524700,0.049058,0.041651,-0.141203,-0.021242,-0.003380,0.024279,-0.999474
11502825700,0.049022,0.041659,-0.141361,-0.021151,-0.003716,0.024447,-0.999471
11535846900,0.048822,0.041865,-0.141305,-0.020889,-0.004473,0.024638,-0.999468
11546042800,0.048676,0.041990,-0.141791,-0.020216,-0.005190,0.024740,-0.999476
11581433300,0.048600,0.042016,-0.141960,-0.020124,-0.005532,0.024755,-0.999476
11614092300,0.048435,0.042042,-0.142243,-0.019908,-0.005574,0.024450,-0.999487
11624148300,0.048259,0.042114,-0.142120,-0.019599,-0.005468,0.024235,-0.999499
11661172900,0.048171,0.042149,-0.142065,-0.019519,-0.005450,0.024303,-0.999499
11671469900,0.047997,0.042297,-0.142261,-0.019383,-0.005185,0.024342,-0.999502
11705290200,0.047960,0.042354,-0.142292,-0.019170,-0.005099,0.024193,-0.999511
11738016800,0.047929,0.042494,-0.142240,-0.019066,-0.004827,0.024075,-0.999517
11749328600,0.047931,0.042541,-0.141832,-0.019043,-0.004762,0.024046,-0.999518
11781937400,0.047950,0.042620,-0.141762,-0.018850,-0.004873,0.024089,-0.999520
11819629000,0.048064,0.042729,-0.141598,-0.018717,-0.005091,0.024110,-0.999521
11852743000,0.048231,0.042783,-0.141373,-0.019224,-0.005292,0.024230,-0.999508
11862404600,0.048271,0.042649,-0.141078,-0.019746,-0.005326,0.024832,-0.999483
11871559200,0.048300,0.042588,-0.140952,-0.020054,-0.005401,0.025065,-0.999470
11902165200,0.048361,0.042561,-0.140873,-0.020246,-0.005457,0.025246,-0.999461
11914220000,0.048547,0.042488,-0.140708,-0.020893,-0.005480,0.025490,-0.999442
11947682100,0.048646,0.042453,-0.140623,-0.021118,-0.005591,0.025628,-0.999433
11957397700,0.048849,0.042333,-0.140481,-0.021655,-0.005809,0.026057,-0.999409
11988030400,0.048936,0.042194,-0.140400,-0.022028,-0.005864,0.026161,-0.999398
12000919400,0.049071,0.041660,-0.140213,-0.022864,-0.006234,0.026666,-0.999364
12033760500,0.049154,0.041591,-0.140209,-0.023193,-0.006319,0.026841,-0.999351
12043249900,0.049326,0.041531,-0.140209,-0.023611,-0.006515,0.026931,-0.999337
12052774900,0.049403,0.041515,-0.140205,-0.023763,-0.006701,0.026926,-0.999333
12091607200,0.049466,0.041510,-0.140213,-0.023759,-0.006787,0.026913,-0.999332
12133348700,0.049661,0.041348,-0.140322,-0.023793,-0.006839,0.027072,-0.999327
12145257800,0.049713,0.041387,-0.140444,-0.023736,-0.006858,0.027216,-0.999324
12177648800,0.049724,0.041414,-0.140470,-0.023745,-0.006831,0.027249,-0.999323
12188144100,0.049723,0.041461,-0.140492,-0.023625,-0.006802,0.027086,-0.999331
12222143600,0.049711,0.041480,-0.140504,-0.023637,-0.006846,0.027085,-0.999330
12232645700,0.050063,0.041240,-0.140466,-0.023589,-0.007075,0.027515,-0.999318
12264444800,0.050080,0.041222,-0.140468,-0.023677,-0.007198,0.027583,-0.999313
12275140400,0.050031,0.041161,-0.140548,-0.024081,-0.007408,0.027379,-0.999308
12307357800,0.050020,0.041141,-0.140596,-0.024266,-0.007504,0.027302,-0.999305
12318026800,0.049993,0.041070,-0.140733,-0.024331,-0.008071,0.027427,-0.999295
12350230000,0.049997,0.040989,-0.140809,-0.024326,-0.008302,0.027487,-0.999292
12360141000,0.050054,0.040863,-0.141026,-0.024231,-0.008913,0.027778,-0.999281
12398496300,0.050099,0.040857,-0.141159,-0.024252,-0.009372,0.027839,-0.999274
12432759200,0.050291,0.040962,-0.141564,-0.023752,-0.011008,0.027459,-0.999280
12464508100,0.050303,0.041174,-0.141770,-0.023272,-0.011969,0.027248,-0.999286
12473808100,0.050039,0.041564,-0.141638,-0.022205,-0.012523,0.027052,-0.999309
12483013000,0.050061,0.041691,-0.141745,-0.021545,-0.012735,0.027085,-0.999320
12514036800,0.050071,0.041812,-0.141858,-0.020988,-0.013050,0.027232,-0.999324
12524844300,0.050106,0.042028,-0.142143,-0.020277,-0.013319,0.027313,-0.999333
12557259800,0.050147,0.042138,-0.142284,-0.019925,-0.013353,0.027247,-0.999341
12599283200,0.050129,0.042421,-0.142433,-0.018936,-0.013814,0.027362,-0.999351
12610146600,0.050061,0.042573,-0.142396,-0.018265,-0.014739,0.028158,-0.999328
12642656200,0.050176,0.042684,-0.142621,-0.017923,-0.015340,0.028646,-0.999311
12652480700,0.050505,0.043074,-0.143163,-0.016350,-0.017098,0.029246,-0.999292
12663213300,0.050667,0.043340,-0.143416,-0.015381,-0.017948,0.029465,-0.999286
12701898200,0.050833,0.043494,-0.143663,-0.014024,-0.018935,0.029760,-0.999279
12743755500,0.051301,0.043785,-0.144505,-0.010941,-0.021166,0.030656,-0.999246
12754943900,0.051603,0.044126,-0.145580,-0.009156,-0.022978,0.031156,-0.999208
12788782800,0.051635,0.044204,-0.145849,-0.008577,-0.023618,0.031454,-0.999189
12799368100,0.051623,0.044459,-0.146283,-0.006760,-0.024406,0.031510,-0.999183
12831552500,0.051649,0.044684,-0.146585,-0.005689,-0.024456,0.031403,-0.999191
12842587400,0.051533,0.045102,-0.147187,-0.002751,-0.023988,0.031732,-0.999205
12874874000,0.051509,0.045277,-0.147485,-0.001520,-0.023661,0.031936,-0.999209
12885119900,0.051478,0.045607,-0.148088,0.000376,-0.022783,0.032252,-0.999220
12916727000,0.051394,0.045790,-0.148387,0.001404,-0.022399,0.032286,-0.999227
12927690500,0.051305,0.046092,-0.148925,0.002965,-0.021538,0.032610,-0.999232
12961051500,0.051236,0.046150,-0.149115,0.003571,-0.021296,0.032733,-0.999231
12970724500,0.051105,0.046289,-0.149466,0.004430,-0.021144,0.032707,-0.999232
12981756300,0.051071,0.046354,-0.149652,0.004656,-0.021074,0.032641,-0.999234
13014828700,0.051050,0.046394,-0.149808,0.004792,-0.021052,0.032526,-0.999238
13048700100,0.051270,0.046079,-0.149947,0.004265,-0.021452,0.032117,-0.999245
13059587200,0.051219,0.045773,-0.149976,0.002365,-0.022118,0.032021,-0.999240
13091759000,0.051167,0.045623,-0.149892,0.001466,-0.022169,0.031807,-0.999247
13101914500,0.050924,0.045153,-0.149693,-0.000684,-0.021811,0.031214,-0.999275
13135209700,0.050790,0.044904,-0.149539,-0.001732,-0.021614,0.031266,-0.999276
13145932900,0.050367,0.044427,-0.148940,-0.003729,-0.020256,0.031464,-0.999293
13177852400,0.050173,0.044138,-0.148716,-0.004935,-0.019657,0.031578,-0.999296
13188622200,0.049956,0.043416,-0.148419,-0.008364,-0.018464,0.031645,-0.999294
13220106300,0.049796,0.043129,-0.148196,-0.010079,-0.017801,0.031644,-0.999290
13229995900,0.049357,0.042910,-0.147641,-0.011978,-0.016320,0.031150,-0.999310
13260300900,0.049136,0.042819,-0.147303,-0.012293,-0.015534,0.030914,-0.999326
13269982300,0.048785,0.042769,-0.146892,-0.012304,-0.013638,0.030273,-0.999373
13302214700,0.048576,0.042833,-0.146565,-0.012224,-0.012795,0.030384,-0.999382
13312375700,0.048158,0.042992,-0.145895,-0.010903,-0.010871,0.030810,-0.999407
13345443900,0.047971,0.043099,-0.145676,-0.010516,-0.009918,0.030591,-0.999428
13380833100,0.047665,0.043242,-0.145206,-0.009797,-0.007867,0.030413,-0.999458
13390313300,0.047311,0.043293,-0.144595,-0.010025,-0.006192,0.030426,-0.999468
13400222200,0.047141,0.043275,-0.144331,-0.010191,-0.005456,0.030496,-0.999468
13432586400,0.046973,0.043249,-0.144080,-0.010514,-0.004787,0.030621,-0.999464
13443719200,0.046718,0.043126,-0.143605,-0.011684,-0.003384,0.030468,-0.999462
13475574400,0.046573,0.043034,-0.143333,-0.012274,-0.002831,0.030368,-0.999459
13510713200,0.046242,0.042861,-0.142873,-0.013230,-0.001707,0.029837,-0.999466
13521151200,0.045744,0.042620,-0.142320,-0.014666,0.000416,0.029028,-0.999471
13553746400,0.045632,0.042507,-0.142127,-0.015012,0.001082,0.028722,-0.999474
13564230200,0.045475,0.042338,-0.141785,-0.015666,0.002170,0.028123,-0.999479
13596865300,0.045476,0.042292,-0.141744,-0.016067,0.002785,0.027880,-0.999478
13607219200,0.045571,0.042207,-0.141741,-0.016773,0.003503,0.027588,-0.999473
13638369200,0.045585,0.042137,-0.141628,-0.017054,0.003773,0.027416,-0.999472
13648614700,0.045695,0.042071,-0.141483,-0.017456,0.003944,0.027436,-0.999463
13684240900,0.045733,0.042056,-0.141432,-0.017617,0.003995,0.027549,-0.999457
13717437800,0.045895,0.041999,-0.141374,-0.018091,0.003672,0.027837,-0.999442
13727136600,0.046219,0.041894,-0.141324,-0.018637,0.003048,0.028142,-0.999426
13762305200,0.046338,0.041894,-0.141364,-0.018640,0.002975,0.028272,-0.999422
13796410900,0.046502,0.041891,-0.141361,-0.018674,0.002841,0.028570,-0.999413
13828181400,0.046596,0.041868,-0.141348,-0.019276,0.002624,0.028793,-0.999396
13837412100,0.046708,0.041868,-0.141282,-0.019694,0.002549,0.028872,-0.999386
13879195200,0.046744,0.041834,-0.141259,-0.019776,0.002404,0.028716,-0.999389
13912548400,0.046845,0.041794,-0.141302,-0.019767,0.002546,0.028220,-0.999403
13922426000,0.047038,0.041748,-0.141533,-0.020149,0.002833,0.027942,-0.999403
13956356600,0.047072,0.041707,-0.141571,-0.020493,0.002876,0.027746,-0.999401
13989660100,0.047191,0.041611,-0.141664,-0.020807,0.003029,0.027077,-0.999412
14025016200,0.047316,0.041638,-0.141704,-0.020760,0.002890,0.027128,-0.999412
14057574800,0.047514,0.041772,-0.141777,-0.020623,0.002676,0.026828,-0.999424
14069073600,0.047681,0.041780,-0.141893,-0.020656,0.002512,0.026866,-0.999422
14104788200,0.047764,0.041784,-0.141954,-0.020677,0.002449,0.026896,-0.999421
14144854100,0.048046,0.041826,-0.142133,-0.020483,0.002307,0.027266,-0.999416
14155257100,0.048372,0.041936,-0.142201,-0.020183,0.002070,0.027446,-0.999417
14191773000,0.048496,0.041918,-0.142273,-0.020140,0.001966,0.027635,-0.999413
14201714600,0.048757,0.041857,-0.142469,-0.020611,0.001557,0.027849,-0.999398
14233430600,0.048900,0.041837,-0.142557,-0.020584,0.001319,0.027869,-0.999399
14243388800,0.049249,0.041847,-0.142677,-0.020317,0.000369,0.027713,-0.999409
14275381900,0.049415,0.041900,-0.142671,-0.020222,-0.000208,0.027545,-0.999416
14286235300,0.049738,0.041958,-0.142737,-0.020602,-0.001277,0.027531,-0.999408
14320535400,0.049904,0.041943,-0.142856,-0.020733,-0.001728,0.027467,-0.999406
14331188600,0.050220,0.041964,-0.143088,-0.020455,-0.002525,0.027286,-0.999415
14365082700,0.050362,0.041965,-0.143211,-0.020509,-0.002975,0.027223,-0.999415
14398682300,0.050511,0.041914,-0.143360,-0.020705,-0.003625,0.027473,-0.999402
14408719600,0.050690,0.041910,-0.143753,-0.020544,-0.004160,0.027434,-0.999404
14417891800,0.050731,0.041932,-0.143912,-0.020383,-0.004104,0.027402,-0.999408
14456663200,0.050727,0.041952,-0.144080,-0.020116,-0.004034,0.027424,-0.999413
14466938400,0.050555,0.041935,-0.144267,-0.020244,-0.003595,0.027128,-0.999421
14501212600,0.050512,0.041932,-0.144446,-0.020179,-0.003284,0.026970,-0.999427
14533521100,0.050393,0.041997,-0.144779,-0.019864,-0.002748,0.026671,-0.999443
14543880100,0.050184,0.042020,-0.144896,-0.019686,-0.002439,0.026358,-0.999456
14553272200,0.050093,0.042033,-0.144982,-0.019530,-0.002372,0.026030,-0.999468
14583533300,0.050031,0.042079,-0.145131,-0.019456,-0.002250,0.025740,-0.999477
14594177900,0.049941,0.042227,-0.145377,-0.018813,-0.002225,0.024918,-0.999510
14625752700,0.049889,0.042311,-0.145489,-0.018383,-0.002300,0.024509,-0.999528
14636154000,0.049759,0.042426,-0.145426,-0.017712,-0.002205,0.023787,-0.999558
14668103600,0.049725,0.042490,-0.145492,-0.017406,-0.002205,0.023313,-0.999574
14706746600,0.049650,0.042487,-0.145543,-0.017435,-0.002243,0.022935,-0.999583
14739300900,0.049496,0.042451,-0.145470,-0.017330,-0.002050,0.022776,-0.999588
14750052700,0.049415,0.042483,-0.145383,-0.017126,-0.001615,0.023012,-0.999587
14759481000,0.049377,0.042472,-0.145347,-0.017173,-0.001547,0.023383,-0.999578
14791686700,0.049349,0.042446,-0.145312,-0.017191,-0.001353,0.023578,-0.999573
14822534500,0.049321,0.042272,-0.145245,-0.017761,-0.001337,0.023777,-0.999559
14832529800,0.049274,0.042170,-0.145125,-0.018074,-0.001431,0.023921,-0.999549
14865154500,0.049225,0.042144,-0.145047,-0.018169,-0.001457,0.023918,-0.999548
14898088800,0.049038,0.042179,-0.144832,-0.018132,-0.001424,0.023903,-0.999549
14907462000,0.048798,0.042186,-0.144520,-0.018197,-0.001019,0.023757,-0.999552
14942059200,0.048706,0.042177,-0.144420,-0.018485,-0.000768,0.023605,-0.999550
14952679200,0.048480,0.042074,-0.144385,-0.018350,-0.000274,0.023652,-0.999552
14985581200,0.048398,0.042082,-0.144289,-0.018391,-0.000122,0.023517,-0.999554
15017388300,0.048308,0.042083,-0.144083,-0.018362,-0.000124,0.023479,-0.999556
15028020700,0.048219,0.041996,-0.143986,-0.018735,-0.000195,0.023193,-0.999556
15036943900,0.048198,0.041953,-0.143886,-0.018951,-0.000202,0.023118,-0.999553
15071017400,0.048186,0.041896,-0.143792,-0.019079,-0.000173,0.023011,-0.999553
15102660300,0.048151,0.041766,-0.143703,-0.019540,-0.000077,0.023061,-0.999543
15112938700,0.048130,0.041596,-0.143826,-0.020057,-0.000001,0.023253,-0.999529
15122833000,0.048132,0.041539,-0.143799,-0.020268,0.000004,0.023232,-0.999525
15154694800,0.048138,0.041486,-0.143775,-0.020470,-0.000109,0.023239,-0.999520
15166084800,0.048163,0.041469,-0.143764,-0.020411,-0.000246,0.023154,-0.999524
15197211900,0.048169,0.041478,-0.143785,-0.020312,-0.000212,0.023098,-0.999527
15207605600,0.048161,0.041484,-0.143854,-0.020208,-0.000308,0.023048,-0.999530
15241033400,0.048170,0.041461,-0.143879,-0.020290,-0.000348,0.023082,-0.999528
15275896800,0.048203,0.041379,-0.144046,-0.020580,-0.000549,0.023117,-0.999521
15308167600,0.048221,0.041409,-0.144286,-0.020477,-0.000910,0.023443,-0.999515
15319784600,0.048205,0.041503,-0.144374,-0.019920,-0.000699,0.023246,-0.999531
15351102500,0.048198,0.041538,-0.144424,-0.019837,-0.000610,0.023185,-0.999534
15362197400,0.048201,0.041544,-0.144575,-0.019897,-0.000189,0.023480,-0.999526
15370880700,0.048174,0.041534,-0.144645,-0.019973,-0.000014,0.023538,-0.999524
15380433400,0.048152,0.041517,-0.144711,-0.020007,0.000146,0.023526,-0.999523
15413854500,0.048132,0.041497,-0.144775,-0.019975,0.000316,0.023488,-0.999525
15449524600,0.047909,0.041641,-0.144823,-0.019972,0.000485,0.023241,-0.999530
15459336500,0.047806,0.041689,-0.144902,-0.019802,0.000643,0.023050,-0.999538
15468720300,0.047756,0.041724,-0.144935,-0.019706,0.000723,0.023009,-0.999541
15500072700,0.047710,0.041754,-0.144963,-0.019543,0.000832,0.022998,-0.999544
15511097300,0.047622,0.041909,-0.144891,-0.019373,0.001134,0.022760,-0.999553
15542621900,0.047596,0.041949,-0.144908,-0.019190,0.001303,0.022757,-0.999556
15552803600,0.047530,0.042043,-0.144921,-0.018825,0.001482,0.022742,-0.999563
15584034200,0.047504,0.042084,-0.144925,-0.018706,0.001590,0.022553,-0.999569
15596163100,0.047484,0.042137,-0.144951,-0.018602,0.001725,0.022595,-0.999570
15628491100,0.047466,0.042150,-0.144954,-0.018569,0.001789,0.022724,-0.999568
15639058700,0.047440,0.042191,-0.144926,-0.018477,0.001912,0.022949,-0.999564
15648081800,0.047422,0.042211,-0.144903,-0.018396,0.001922,0.023024,-0.999564
15680875100,0.047409,0.042221,-0.144875,-0.018328,0.001971,0.023090,-0.999564
15713941200,0.047332,0.042174,-0.144808,-0.018719,0.001951,0.023025,-0.999558
15748226800,0.047189,0.042081,-0.144724,-0.019289,0.001915,0.022989,-0.999548
15758322800,0.047086,0.042073,-0.144668,-0.019392,0.001934,0.022953,-0.999547
15793982500,0.047041,0.042064,-0.144640,-0.019407,0.001935,0.022929,-0.999547
15831409800,0.046928,0.041989,-0.144621,-0.019488,0.002135,0.022611,-0.999552
15863516300,0.046750,0.041726,-0.144704,-0.020036,0.002401,0.022307,-0.999548
15874998000,0.046652,0.041683,-0.144709,-0.020168,0.002473,0.022344,-0.999544
15884722600,0.046609,0.041671,-0.144707,-0.020178,0.002563,0.022373,-0.999543
15917543000,0.046573,0.041674,-0.144701,-0.020231,0.002605,0.022438,-0.999540
15952331800,0.046546,0.041619,-0.144756,-0.020338,0.002625,0.022435,-0.999538
15986660900,0.046542,0.041490,-0.144956,-0.020877,0.002573,0.022637,-0.999523
16020864500,0.046508,0.041494,-0.144951,-0.020790,0.002510,0.022606,-0.999525
16052769500,0.046471,0.041531,-0.144935,-0.020460,0.002512,0.022577,-0.999533
16063824200,0.046518,0.041440,-0.144979,-0.020428,0.002612,0.022533,-0.999534
16095170700,0.046520,0.041434,-0.144984,-0.020343,0.002611,0.022502,-0.999536
16105819300,0.046538,0.041470,-0.144973,-0.020142,0.002579,0.022718,-0.999536
16137176600,0.046543,0.041487,-0.144967,-0.020054,0.002477,0.022964,-0.999532
16147637400,0.046596,0.041486,-0.144957,-0.020081,0.002372,0.023158,-0.999527
16179446400,0.046631,0.041479,-0.144962,-0.020189,0.002312,0.023170,-0.999525
16190990700,0.046813,0.041564,-0.144952,-0.020303,0.001996,0.023398,-0.999518
16223736500,0.046839,0.041553,-0.144954,-0.020301,0.001924,0.023534,-0.999515
16233998600,0.046849,0.041548,-0.144952,-0.020079,0.001928,0.023659,-0.999517
16266013300,0.046847,0.041540,-0.144962,-0.020042,0.001898,0.023773,-0.999515
16276154700,0.046906,0.041487,-0.145009,-0.020199,0.002056,0.024013,-0.999506
16306768200,0.046929,0.041472,-0.145025,-0.020264,0.002116,0.024063,-0.999503
16317810700,0.046940,0.041460,-0.145061,-0.020301,0.002084,0.024170,-0.999500
16348561200,0.046966,0.041476,-0.145071,-0.020330,0.002022,0.024253,-0.999497
16358725800,0.047093,0.041625,-0.145027,-0.019952,0.001808,0.024474,-0.999500
16394596900,0.047118,0.041671,-0.145032,-0.019745,0.001685,0.024667,-0.999499
16404524900,0.047211,0.041714,-0.145067,-0.019565,0.001463,0.024718,-0.999502
16414692700,0.047272,0.041718,-0.145100,-0.019479,0.001368,0.024773,-0.999502
16424738600,0.047332,0.041720,-0.145131,-0.019557,0.001294,0.024876,-0.999498
16456715000,0.047366,0.041722,-0.145160,-0.019553,0.001224,0.025012,-0.999495
16493482300,0.047390,0.041778,-0.145177,-0.019316,0.001328,0.025325,-0.999492
16504278000,0.047513,0.041940,-0.145119,-0.019015,0.001297,0.025722,-0.999488
16537670700,0.047554,0.041957,-0.145114,-0.018955,0.001252,0.025816,-0.999486
16548280400,0.047583,0.041883,-0.145169,-0.019412,0.001124,0.025897,-0.999476
16583252300,0.047596,0.041844,-0.145193,-0.019665,0.000970,0.025816,-0.999473
16616818100,0.047687,0.041796,-0.145303,-0.019748,0.000823,0.025820,-0.999471
16626999400,0.047669,0.041767,-0.145383,-0.019730,0.000768,0.025693,-0.999475
16636225800,0.047655,0.041740,-0.145439,-0.019817,0.000748,0.025611,-0.999475
16666785800,0.047649,0.041709,-0.145499,-0.019926,0.000763,0.025621,-0.999473
16678121900,0.047631,0.041710,-0.145604,-0.020111,0.000761,0.025728,-0.999466
16710323700,0.047603,0.041724,-0.145661,-0.020054,0.000757,0.025712,-0.999468
16745119500,0.047580,0.041784,-0.145776,-0.019688,0.000749,0.025381,-0.999484
16778703400,0.047593,0.041789,-0.146022,-0.019591,0.000740,0.025327,-0.999487
16811948700,0.047483,0.041797,-0.146130,-0.019610,0.000759,0.025316,-0.999487
16821580200,0.047413,0.041780,-0.146161,-0.019461,0.000714,0.025373,-0.999488
16830662500,0.047377,0.041778,-0.146185,-0.019425,0.000701,0.025370,-0.999489
16860873600,0.047327,0.041775,-0.146226,-0.019360,0.000634,0.025345,-0.999491
16870956500,0.047248,0.041723,-0.146299,-0.019480,0.000520,0.025206,-0.999492
16903226000,0.047199,0.041690,-0.146352,-0.019659,0.000432,0.025102,-0.999492
16939891700,0.047196,0.041652,-0.146441,-0.019792,0.000543,0.024851,-0.999495
16973293900,0.047078,0.041733,-0.146413,-0.019360,0.000654,0.025006,-0.999500
17006518100,0.047083,0.041752,-0.146402,-0.019531,0.000633,0.025104,-0.999494
17017865100,0.047117,0.041771,-0.146341,-0.019376,0.000390,0.025040,-0.999499
17052858100,0.047139,0.041776,-0.146308,-0.019319,0.000189,0.025075,-0.999499
17063246600,0.047253,0.041758,-0.146330,-0.019189,-0.000076,0.024925,-0.999505
17094705200,0.047282,0.041768,-0.146310,-0.019126,-0.000251,0.024833,-0.999509
17105634400,0.047327,0.041794,-0.146257,-0.019101,-0.000376,0.024675,-0.999513
17140364900,0.047353,0.041816,-0.146233,-0.019065,-0.000401,0.024713,-0.999513
17172111400,0.047391,0.041951,-0.146072,-0.018987,-0.000571,0.024648,-0.999516
17182586600,0.047482,0.041991,-0.145980,-0.018781,-0.000785,0.024493,-0.999523
17192852100,0.047530,0.041998,-0.145934,-0.018716,-0.000961,0.024482,-0.999525
17224240200,0.047581,0.041999,-0.145895,-0.018716,-0.000991,0.024427,-0.999526
17234706700,0.047633,0.041932,-0.145945,-0.018859,-0.001225,0.024400,-0.999524
17266155300,0.047687,0.041904,-0.145922,-0.018976,-0.001291,0.024438,-0.999521
17275925700,0.047777,0.041869,-0.145886,-0.019145,-0.001334,0.024714,-0.999510
17308033300,0.047812,0.041861,-0.145873,-0.019143,-0.001351,0.024964,-0.999504
17340225600,0.047835,0.041870,-0.145877,-0.019039,-0.001416,0.025239,-0.999499
17350872000,0.047941,0.041875,-0.145805,-0.018868,-0.001767,0.025577,-0.999493
17386778800,0.048004,0.041848,-0.145835,-0.018985,-0.001845,0.025714,-0.999488
17397674000,0.048099,0.041760,-0.145920,-0.019037,-0.002002,0.025816,-0.999483
17430225600,0.048107,0.041738,-0.145908,-0.019059,-0.002035,0.025875,-0.999481
17441307700,0.048080,0.041690,-0.145886,-0.019298,-0.001940,0.025835,-0.999478
17472669200,0.048064,0.041676,-0.145873,-0.019372,-0.001930,0.025826,-0.999477
17483889200,0.048033,0.041696,-0.145855,-0.019256,-0.001754,0.025545,-0.999487
17520439900,0.048010,0.041718,-0.145881,-0.019189,-0.001697,0.025450,-0.999491
17554975600,0.047903,0.041781,-0.145875,-0.018917,-0.001418,0.025456,-0.999496
17565947200,0.047840,0.041769,-0.145859,-0.019063,-0.001210,0.025329,-0.999497
17599920900,0.047806,0.041755,-0.145864,-0.019079,-0.001187,0.025238,-0.999499
17633173900,0.047733,0.041751,-0.145869,-0.018983,-0.001191,0.025112,-0.999504
17666927900,0.047603,0.041737,-0.145899,-0.019008,-0.001167,0.024881,-0.999509
17699485600,0.047579,0.041728,-0.145919,-0.019101,-0.001272,0.024778,-0.999510
17710746300,0.047547,0.041778,-0.145891,-0.018852,-0.001266,0.024914,-0.999511
17721311500,0.047552,0.041808,-0.145920,-0.018796,-0.001216,0.024902,-0.999512
17754386700,0.047569,0.041837,-0.145985,-0.018760,-0.001211,0.024879,-0.999514
17764991300,0.047586,0.041867,-0.146098,-0.018769,-0.001305,0.025039,-0.999509
17774207900,0.047573,0.041875,-0.146104,-0.018688,-0.001302,0.025009,-0.999512
17806165600,0.047560,0.041894,-0.146105,-0.018671,-0.001306,0.025013,-0.999512
17816686500,0.047527,0.041907,-0.146082,-0.018410,-0.001156,0.024834,-0.999521
17849510500,0.047514,0.041907,-0.146072,-0.018398,-0.001027,0.024776,-0.999523
17859758500,0.047447,0.041887,-0.146147,-0.018519,-0.000867,0.024743,-0.999522
17868601000,0.047422,0.041895,-0.146172,-0.018602,-0.000783,0.024653,-0.999523
17899995900,0.047411,0.041889,-0.146173,-0.018570,-0.000723,0.024648,-0.999524
17909769900,0.047424,0.041931,-0.146128,-0.018473,-0.000583,0.024499,-0.999529
17941488700,0.047429,0.041954,-0.146095,-0.018337,-0.000566,0.024520,-0.999531
17951049600,0.047467,0.042003,-0.146019,-0.018114,-0.000589,0.024723,-0.999530
17983862800,0.047500,0.042016,-0.145992,-0.018069,-0.000582,0.024661,-0.999533
17994416700,0.047585,0.042039,-0.146118,-0.018046,-0.000776,0.024783,-0.999530
18025586600,0.047626,0.042063,-0.146104,-0.017857,-0.000947,0.025029,-0.999527
18036193900,0.047698,0.042242,-0.146028,-0.016753,-0.001205,0.025240,-0.999540
18068753600,0.047726,0.042399,-0.145983,-0.016277,-0.001287,0.025303,-0.999547
18102815000,0.047566,0.044039,-0.145505,-0.011966,-0.000357,0.026087,-0.999588
18113313400,0.047467,0.045574,-0.145064,-0.003519,0.000571,0.026590,-0.999640
18122759400,0.047459,0.046308,-0.144844,0.000037,0.000806,0.026528,-0.999648
18152883600,0.047474,0.046958,-0.144662,0.002876,0.001143,0.026301,-0.999649
18163423400,0.047466,0.047702,-0.144737,0.005962,0.001515,0.025766,-0.999649
18195505800,0.047441,0.048065,-0.144799,0.006919,0.001510,0.025590,-0.999647
18206748500,0.047522,0.048680,-0.144926,0.009187,0.001384,0.025045,-0.999643
18238536600,0.047582,0.048989,-0.144992,0.010555,0.001457,0.024715,-0.999638
18277416600,0.047558,0.049611,-0.145209,0.013630,0.001444,0.024499,-0.999606
18288224000,0.047549,0.050275,-0.145498,0.017163,0.001870,0.024674,-0.999547
18320903000,0.047538,0.050474,-0.145645,0.018058,0.001987,0.024674,-0.999530
18331134500,0.047613,0.050970,-0.146109,0.020356,0.002270,0.024632,-0.999487
18363048800,0.047667,0.051263,-0.146281,0.021924,0.002422,0.024623,-0.999454
18373259000,0.047635,0.051666,-0.146708,0.024312,0.002442,0.024993,-0.999389
18406359900,0.047642,0.051841,-0.146877,0.025588,0.002406,0.025234,-0.999351
18440266000,0.047700,0.052208,-0.147444,0.027170,0.001991,0.025367,-0.999307
18455977300,0.047792,0.053090,-0.148152,0.032784,0.000870,0.024793,-0.999155
18487675100,0.047830,0.053446,-0.148528,0.034613,0.000643,0.024312,-0.999105
18497632900,0.047826,0.054200,-0.149068,0.038721,-0.000114,0.023843,-0.998966
18507112500,0.047794,0.054546,-0.149349,0.040877,-0.000475,0.023823,-0.998880
18548046600,0.047813,0.054940,-0.149659,0.042850,-0.000551,0.023789,-0.998798
18591525800,0.047812,0.056360,-0.150557,0.050592,-0.000593,0.023303,-0.998447
18600518600,0.047717,0.057927,-0.151703,0.058733,-0.000665,0.022854,-0.998012
18637780000,0.047669,0.058429,-0.152001,0.061905,-0.000405,0.022704,-0.997824
18670325800,0.047622,0.059495,-0.152766,0.068038,-0.000085,0.022121,-0.997438
18706099700,0.047508,0.060446,-0.153590,0.073140,0.000190,0.021117,-0.997098
18739717600,0.047309,0.061728,-0.154702,0.080541,0.000608,0.019938,-0.996552
18771771400,0.047183,0.062937,-0.155172,0.087088,0.000992,0.019271,-0.996014
18782681600,0.047006,0.064511,-0.155892,0.097267,0.000879,0.018102,-0.995093
18816976900,0.047009,0.065013,-0.156187,0.099299,0.000902,0.017978,-0.994895
18827986200,0.046791,0.066430,-0.156525,0.106248,0.000691,0.017214,-0.994191
18860286000,0.046713,0.067138,-0.156707,0.110253,0.000412,0.016922,-0.993760
18894464200,0.046756,0.068546,-0.157131,0.118154,0.000077,0.016743,-0.992854
18904917300,0.046784,0.069895,-0.157591,0.125829,-0.000818,0.016867,-0.991908
18914630600,0.046886,0.070588,-0.157772,0.129781,-0.000981,0.016713,-0.991401
18946712200,0.046883,0.071219,-0.157994,0.133806,-0.001651,0.016262,-0.990873
18957316400,0.046966,0.072305,-0.158376,0.139886,-0.002894,0.016263,-0.990030
18988558100,0.047033,0.072811,-0.158605,0.142891,-0.003312,0.016329,-0.989598
18999105200,0.047196,0.073555,-0.158994,0.148600,-0.004272,0.016275,-0.988754
19030909300,0.047262,0.073956,-0.159248,0.150255,-0.004682,0.016250,-0.988503
19041611200,0.047280,0.074906,-0.159536,0.154939,-0.005321,0.016282,-0.987776
19052046000,0.047312,0.075418,-0.159603,0.158130,-0.005374,0.016131,-0.987272
19090116600,0.047297,0.075899,-0.159647,0.161042,-0.005533,0.015745,-0.986807
19133636600,0.047320,0.076580,-0.160198,0.164487,-0.005475,0.015555,-0.986242
19175547500,0.047348,0.076525,-0.160698,0.164757,-0.004889,0.015923,-0.986194
19185548200,0.047215,0.076578,-0.160862,0.164494,-0.004072,0.016169,-0.986237
19219508100,0.047198,0.076498,-0.160907,0.163832,-0.003988,0.016117,-0.986349
19230615500,0.047259,0.076122,-0.161021,0.162004,-0.003639,0.016476,-0.986646
19264551500,0.047271,0.076014,-0.161042,0.161606,-0.003490,0.016602,-0.986710
19297575000,0.047324,0.075760,-0.160936,0.160772,-0.003300,0.017070,-0.986838
19308201600,0.047091,0.075659,-0.160654,0.159584,-0.003538,0.017960,-0.987015
19317875100,0.047029,0.075629,-0.160501,0.159026,-0.003558,0.018010,-0.987104
19348656900,0.047059,0.075552,-0.160377,0.158039,-0.003837,0.018037,-0.987261
19360337300,0.047125,0.075201,-0.160071,0.155377,-0.004383,0.018559,-0.987671
19392849000,0.047140,0.075031,-0.159865,0.154675,-0.004942,0.019077,-0.987769
19425102700,0.047068,0.074815,-0.159217,0.153592,-0.006536,0.020051,-0.987909
19434998700,0.046934,0.074173,-0.158106,0.149968,-0.008553,0.019807,-0.988456
19470558500,0.046951,0.073860,-0.157765,0.147918,-0.009000,0.019599,-0.988765
19503686100,0.046962,0.073290,-0.156983,0.144146,-0.009605,0.019928,-0.989309
19537033800,0.047014,0.072430,-0.156109,0.140129,-0.009982,0.019990,-0.989881
19547427500,0.047052,0.071001,-0.154426,0.131874,-0.010947,0.020625,-0.990991
19580303700,0.047042,0.070651,-0.153770,0.129666,-0.011457,0.020756,-0.991274
19590118200,0.047007,0.069950,-0.152582,0.126460,-0.012326,0.021369,-0.991665
19622508500,0.046969,0.069512,-0.152007,0.124696,-0.012661,0.021497,-0.991881
19661002400,0.046868,0.068748,-0.150943,0.120819,-0.012695,0.020922,-0.992373
19672834500,0.046556,0.067823,-0.149035,0.116942,-0.012173,0.020660,-0.992849
19704775600,0.046484,0.067572,-0.148440,0.116059,-0.011378,0.020339,-0.992969
19714986600,0.046294,0.067130,-0.147411,0.115920,-0.008927,0.019020,-0.993036
19748195600,0.046232,0.067049,-0.146921,0.115786,-0.007493,0.019036,-0.993064
19758995700,0.046157,0.066720,-0.146119,0.115913,-0.004768,0.019546,-0.993056
19790294400,0.046130,0.066557,-0.145728,0.115317,-0.003709,0.019965,-0.993121
19801165400,0.046221,0.066320,-0.145036,0.113941,-0.001452,0.020583,-0.993273
19833426100,0.046258,0.066294,-0.144848,0.113688,-0.000530,0.020680,-0.993301
19867457000,0.046327,0.066209,-0.144493,0.114057,0.000784,0.021292,-0.993246
19900357200,0.046549,0.066179,-0.144340,0.114243,0.002383,0.022209,-0.993202
19910148600,0.046848,0.066073,-0.144163,0.114357,0.002901,0.022392,-0.993183
19942187400,0.046977,0.065961,-0.144237,0.114057,0.003164,0.022709,-0.993210
19952566100,0.047226,0.065549,-0.144775,0.112099,0.003246,0.023153,-0.993422
19986552400,0.047401,0.065348,-0.145160,0.111101,0.003289,0.023219,-0.993532
20018392900,0.047782,0.065344,-0.145524,0.111304,0.003042,0.023002,-0.993516
20027761400,0.048166,0.065673,-0.145682,0.112350,0.002176,0.023082,-0.993398
20038241700,0.048429,0.065726,-0.145842,0.112864,0.001804,0.023016,-0.993342
20069583600,0.048696,0.065742,-0.145978,0.112983,0.001595,0.022809,-0.993334
20081002100,0.049175,0.065719,-0.146192,0.111608,0.001921,0.022602,-0.993494
20112118400,0.049412,0.065653,-0.146264,0.110653,0.002077,0.022458,-0.993603
20123520000,0.049943,0.064781,-0.146187,0.106151,0.003161,0.022992,-0.994079
20155497900,0.050175,0.064325,-0.146112,0.102555,0.003304,0.023944,-0.994434
20165747900,0.050578,0.063451,-0.145703,0.097022,0.003378,0.027216,-0.994904
20196627500,0.050661,0.062961,-0.145534,0.094724,0.002975,0.028607,-0.995088
20207102100,0.050958,0.061942,-0.145201,0.089192,0.002890,0.029523,-0.995573
20240094300,0.051035,0.061498,-0.145006,0.086789,0.002790,0.029170,-0.995796
20272741000,0.051164,0.060505,-0.144506,0.083591,0.003441,0.028479,-0.996087
20283766200,0.051163,0.058877,-0.143885,0.076653,0.005226,0.028086,-0.996649
20317570900,0.051084,0.058318,-0.143838,0.073581,0.006029,0.027894,-0.996881
20327981300,0.050936,0.057193,-0.143858,0.066794,0.008175,0.028386,-0.997330
20360633100,0.050820,0.056694,-0.143892,0.064088,0.009068,0.028671,-0.997491
20370706500,0.050538,0.055829,-0.143906,0.058920,0.010670,0.028898,-0.997787
20401786700,0.050400,0.055557,-0.143868,0.056756,0.011347,0.029137,-0.997898
20414492700,0.050209,0.055145,-0.143779,0.055517,0.011782,0.029243,-0.997960
20446237400,0.050143,0.055035,-0.143740,0.055001,0.011758,0.029141,-0.997992
20456437300,0.050069,0.054661,-0.143737,0.052769,0.011124,0.028639,-0.998134
20488333400,0.050047,0.054383,-0.143759,0.051538,0.010679,0.028144,-0.998217
20499660900,0.050213,0.053546,-0.143877,0.047862,0.010067,0.026172,-0.998460
20529837800,0.050270,0.053121,-0.143893,0.046135,0.009809,0.025386,-0.998564
20539929200,0.050333,0.052046,-0.143954,0.040804,0.009421,0.024759,-0.998816
20570976900,0.050348,0.051348,-0.143983,0.037548,0.009229,0.024539,-0.998951
20581807000,0.050360,0.049621,-0.143956,0.028263,0.008858,0.024880,-0.999252
20591856700,0.050410,0.048762,-0.143842,0.023915,0.008653,0.024987,-0.999364
20623811300,0.050435,0.048023,-0.143567,0.020587,0.008331,0.024703,-0.999448
20658882600,0.050373,0.046561,-0.142517,0.014704,0.007844,0.024615,-0.999558
20668722600,0.050542,0.043938,-0.141326,0.001771,0.006717,0.025145,-0.999660
20706134400,0.050586,0.042827,-0.140941,-0.003155,0.006304,0.025131,-0.999659
20716920800,0.050737,0.041084,-0.139924,-0.012604,0.005565,0.025495,-0.999580
20748714500,0.050915,0.040232,-0.139347,-0.017149,0.005213,0.025843,-0.999505
20759391300,0.051171,0.038278,-0.138249,-0.027068,0.004172,0.026828,-0.999265
20794654200,0.051256,0.037287,-0.137595,-0.032542,0.003726,0.027096,-0.999096
20836079500,0.051526,0.035425,-0.136095,-0.042970,0.002708,0.026390,-0.998724
20869923900,0.052142,0.032672,-0.133562,-0.056554,0.000321,0.025220,-0.998081
20880693800,0.053211,0.030197,-0.131234,-0.071122,-0.003277,0.025655,-0.997132
20914301900,0.053639,0.029652,-0.130203,-0.074299,-0.005509,0.025978,-0.996882
20925295600,0.055320,0.028921,-0.128024,-0.076479,-0.013961,0.026478,-0.996622
20958364800,0.056440,0.028549,-0.126985,-0.078016,-0.019435,0.026521,-0.996410
20968434800,0.059685,0.028006,-0.125084,-0.079854,-0.037167,0.026167,-0.995770
20999386700,0.061796,0.027926,-0.124156,-0.080056,-0.047682,0.026263,-0.995303
21012617400,0.067766,0.028362,-0.122424,-0.075858,-0.081772,0.025165,-0.993441
21043467100,0.071453,0.028630,-0.121856,-0.072885,-0.100720,0.023014,-0.991975
21053888700,0.079172,0.028985,-0.121487,-0.068292,-0.142119,0.017209,-0.987341
21084479600,0.083121,0.029168,-0.121557,-0.066576,-0.162676,0.015626,-0.984307
21094741000,0.091016,0.029400,-0.122103,-0.063042,-0.203194,0.013439,-0.977015
21126775600,0.094850,0.029421,-0.122477,-0.061582,-0.221403,0.011035,-0.973174
21161518200,0.101006,0.029188,-0.123238,-0.061361,-0.247678,0.006240,-0.966877
21171062300,0.107176,0.028434,-0.123213,-0.060931,-0.268885,0.009630,-0.961195
21206841500,0.108796,0.028158,-0.123036,-0.060468,-0.272419,0.013268,-0.960185
21238237000,0.112032,0.027867,-0.122610,-0.059642,-0.275478,0.018963,-0.959268
21248798200,0.114536,0.027720,-0.121927,-0.058866,-0.273979,0.020413,-0.959715
21281100400,0.115528,0.027699,-0.121570,-0.058466,-0.272900,0.022126,-0.960009
21291028800,0.117252,0.027859,-0.120994,-0.057392,-0.269240,0.024782,-0.961042
21322442400,0.117964,0.028060,-0.120692,-0.056925,-0.266912,0.025237,-0.961707
21332265400,0.118773,0.028513,-0.119805,-0.055498,-0.259128,0.026535,-0.963882
21364463800,0.118941,0.028718,-0.119322,-0.054639,-0.254793,0.027837,-0.965049
21403716200,0.118645,0.029944,-0.117558,-0.049658,-0.236192,0.033672,-0.969852
21435984400,0.116858,0.031195,-0.115887,-0.042619,-0.215148,0.038883,-0.974876
21446111400,0.113966,0.032439,-0.114338,-0.036486,-0.190109,0.047868,-0.979916
21456283900,0.112101,0.033272,-0.113464,-0.032735,-0.176226,0.051859,-0.982438
21488275800,0.109953,0.034212,-0.112591,-0.028172,-0.161134,0.055951,-0.984943
21499304600,0.105189,0.036049,-0.111352,-0.017954,-0.127988,0.067328,-0.989325
21529418000,0.102747,0.036941,-0.111054,-0.013843,-0.113148,0.073426,-0.990765
21540287100,0.098629,0.038518,-0.110926,-0.007553,-0.087701,0.079725,-0.992923
21573068700,0.096709,0.039211,-0.110907,-0.004293,-0.075979,0.080931,-0.993810
21604899100,0.093205,0.040097,-0.111069,0.000256,-0.057279,0.082765,-0.994922
21614604000,0.089339,0.040894,-0.112028,0.003482,-0.038606,0.080518,-0.995999
21627801900,0.088159,0.041157,-0.112487,0.004328,-0.034393,0.077006,-0.996428
21664417400,0.086842,0.041364,-0.113011,0.005057,-0.030441,0.074001,-0.996781
21674756000,0.084429,0.041632,-0.114055,0.004914,-0.023520,0.071055,-0.997183
21705306000,0.083262,0.041789,-0.114572,0.005023,-0.020854,0.069599,-0.997344
21715511600,0.081163,0.042160,-0.115527,0.006065,-0.016869,0.066407,-0.997632
21747296900,0.080069,0.042323,-0.116073,0.006474,-0.014836,0.064442,-0.997790
21781219500,0.077924,0.042600,-0.117074,0.007365,-0.010530,0.060813,-0.998066
21791222300,0.075932,0.042903,-0.117947,0.008707,-0.007149,0.057597,-0.998276
21802393400,0.074985,0.043116,-0.118374,0.009347,-0.005932,0.056353,-0.998350
21833505300,0.074107,0.043361,-0.118805,0.010058,-0.004684,0.054813,-0.998435
21868894400,0.072429,0.043779,-0.119657,0.011085,-0.001902,0.051850,-0.998592
21878373200,0.069881,0.044183,-0.120780,0.011815,0.001853,0.048066,-0.998773
21915962800,0.069088,0.044267,-0.121131,0.011901,0.002871,0.047006,-0.998820
21950174300,0.067686,0.044446,-0.121744,0.011956,0.004587,0.044843,-0.998912
21983310900,0.066412,0.044559,-0.122134,0.012285,0.006717,0.042205,-0.999011
21994102300,0.064778,0.044574,-0.122885,0.011748,0.009393,0.039872,-0.999092
22026078600,0.064353,0.044525,-0.123149,0.011246,0.010303,0.039248,-0.999113
22036301100,0.063528,0.044357,-0.123673,0.009496,0.012266,0.037511,-0.999176
22069520900,0.063085,0.044300,-0.123946,0.008730,0.013099,0.036897,-0.999195
22102256700,0.062261,0.044058,-0.124450,0.007167,0.014647,0.036751,-0.999192
22111628300,0.061429,0.043507,-0.124964,0.003450,0.016339,0.036710,-0.999187
22122771500,0.060999,0.043174,-0.125235,0.001091,0.017277,0.036540,-0.999182
22156506700,0.060557,0.042773,-0.125536,-0.001288,0.018170,0.036270,-0.999176
22189398700,0.059738,0.042275,-0.126059,-0.004962,0.020248,0.034978,-0.999171
22198907300,0.058469,0.041308,-0.127221,-0.010220,0.023056,0.033087,-0.999134
22231616400,0.058131,0.041074,-0.127529,-0.012179,0.023858,0.032652,-0.999108
22242548400,0.057630,0.041128,-0.127883,-0.012761,0.024893,0.031442,-0.999114
22275969700,0.057474,0.041176,-0.128090,-0.012225,0.025298,0.030789,-0.999131
22286241200,0.057136,0.041217,-0.128588,-0.011534,0.025484,0.029893,-0.999162
22319546800,0.057021,0.041308,-0.128930,-0.011274,0.025494,0.029485,-0.999177
22329982600,0.057033,0.041712,-0.129531,-0.009353,0.025297,0.028915,-0.999218
22366305600,0.057106,0.041949,-0.129705,-0.008218,0.025087,0.028654,-0.999241
22376599500,0.057361,0.042434,-0.129948,-0.005870,0.024391,0.028216,-0.999287
22386582700,0.057469,0.042681,-0.130059,-0.004780,0.023978,0.028113,-0.999306
22416836700,0.057616,0.042939,-0.130186,-0.003842,0.023603,0.028222,-0.999316
22427356400,0.057958,0.043585,-0.130856,-0.002264,0.022500,0.028606,-0.999335
22436471200,0.058078,0.043808,-0.130972,-0.001604,0.021975,0.028671,-0.999346
22480728800,0.058195,0.043945,-0.131080,-0.001303,0.021658,0.028647,-0.999354
22522115200,0.058459,0.044386,-0.131226,0.000768,0.020819,0.028438,-0.999379
22532078900,0.058532,0.044706,-0.131339,0.002270,0.020535,0.028374,-0.999384
22569079900,0.058480,0.044791,-0.131434,0.002682,0.020584,0.028321,-0.999383
22601422000,0.058352,0.044873,-0.131402,0.003567,0.020545,0.028545,-0.999375
22611486100,0.058159,0.044886,-0.131396,0.003644,0.020590,0.028424,-0.999377
22622140000,0.058059,0.044897,-0.131391,0.003708,0.020555,0.028225,-0.999383
22654687400,0.057949,0.044903,-0.131378,0.003856,0.020496,0.028131,-0.999387
22687200000,0.057801,0.045071,-0.131606,0.004205,0.019858,0.028173,-0.999397
22698178600,0.057332,0.045052,-0.131762,0.004005,0.018642,0.028566,-0.999410
22733973000,0.057105,0.044964,-0.131843,0.003672,0.018128,0.028803,-0.999414
22766623500,0.056566,0.044825,-0.132026,0.003482,0.017146,0.029222,-0.999420
22778009600,0.055889,0.044843,-0.132105,0.004628,0.016404,0.029459,-0.999421
22788419200,0.055556,0.044826,-0.132125,0.005082,0.015987,0.029372,-0.999428
22819553900,0.055251,0.044757,-0.132059,0.005557,0.015602,0.029292,-0.999434
22831299400,0.054671,0.044811,-0.131780,0.006429,0.014805,0.029134,-0.999445
22862314000,0.054426,0.044909,-0.131628,0.006853,0.014621,0.028626,-0.999460
22873209500,0.053953,0.044933,-0.131424,0.006700,0.015721,0.025144,-0.999538
22905157000,0.053712,0.044974,-0.131334,0.006308,0.016435,0.023685,-0.999565
22939601200,0.053354,0.045069,-0.131436,0.005802,0.018356,0.022722,-0.999557
22949088300,0.052710,0.045215,-0.130834,0.006338,0.020549,0.021841,-0.999530
22983477000,0.052566,0.045192,-0.130591,0.006455,0.021150,0.021629,-0.999522
22994328600,0.052275,0.045132,-0.130217,0.005770,0.021831,0.020706,-0.999531
23027255200,0.052194,0.044995,-0.130085,0.005279,0.021926,0.020124,-0.999543
23037825000,0.052146,0.044718,-0.129856,0.004379,0.022029,0.019577,-0.999556
23070172200,0.052141,0.044634,-0.129700,0.004239,0.022050,0.019445,-0.999559
23104090100,0.052247,0.044566,-0.129392,0.004169,0.021484,0.019757,-0.999565
23139071500,0.052461,0.044423,-0.129041,0.003581,0.020183,0.020238,-0.999585
23170540400,0.052628,0.044295,-0.129411,0.002868,0.019549,0.020620,-0.999592
23181083700,0.052722,0.044098,-0.129431,0.002266,0.018886,0.021334,-0.999592
23190918000,0.052743,0.044027,-0.129453,0.002119,0.018474,0.021626,-0.999593
23223818000,0.052761,0.043968,-0.129472,0.001959,0.018071,0.021967,-0.999594
23257264700,0.052742,0.043902,-0.129556,0.001727,0.017654,0.022593,-0.999587
23267622300,0.052489,0.043780,-0.129779,0.001227,0.016670,0.023391,-0.999587
23303336200,0.052414,0.043757,-0.129864,0.001318,0.016298,0.023736,-0.999585
23336022500,0.052397,0.043859,-0.129973,0.002290,0.015674,0.023709,-0.999593
23346391100,0.052391,0.043897,-0.130133,0.002584,0.014989,0.023546,-0.999607
23377324400,0.052382,0.043910,-0.130269,0.002671,0.014625,0.023547,-0.999612
23387854700,0.052327,0.044093,-0.130933,0.002451,0.013962,0.023418,-0.999625
23420012000,0.052302,0.044082,-0.131073,0.002412,0.013738,0.023372,-0.999630
23430510300,0.052221,0.044155,-0.131300,0.002975,0.013539,0.023359,-0.999631
23440916800,0.052175,0.044215,-0.131393,0.003361,0.013407,0.023368,-0.999631
23472960100,0.052113,0.044282,-0.131480,0.003877,0.013276,0.023420,-0.999630
23485232300,0.051949,0.044421,-0.131682,0.004699,0.013157,0.023724,-0.999621
23516697900,0.051878,0.044493,-0.131779,0.005161,0.013171,0.023619,-0.999621
23527268900,0.051719,0.044682,-0.132023,0.006229,0.012843,0.023439,-0.999623
23558757900,0.051639,0.044796,-0.132144,0.006785,0.012737,0.023344,-0.999623
23569075200,0.051456,0.045032,-0.132401,0.008247,0.012513,0.023174,-0.999619
23579751700,0.051359,0.045174,-0.132530,0.009009,0.012279,0.023060,-0.999618
23611964500,0.051269,0.045364,-0.132643,0.010105,0.012242,0.023089,-0.999607
23622659900,0.051186,0.046329,-0.132926,0.014190,0.011645,0.022942,-0.999568
23653037200,0.051204,0.046806,-0.133077,0.016459,0.011370,0.022755,-0.999541
23664277000,0.051101,0.047950,-0.133273,0.022014,0.010201,0.022096,-0.999462
23697527100,0.051081,0.048715,-0.133300,0.026020,0.009739,0.021828,-0.999376
23708280300,0.051019,0.051097,-0.133259,0.038086,0.008493,0.021180,-0.999014
23738156600,0.051052,0.052646,-0.133224,0.045534,0.008114,0.020683,-0.998716
23748112800,0.051234,0.055413,-0.133530,0.062835,0.006754,0.019744,-0.997806
23780149900,0.051301,0.056633,-0.133835,0.069335,0.006413,0.019620,-0.997380
23790335300,0.051215,0.058548,-0.134511,0.078991,0.005480,0.019101,-0.996677
23821872200,0.051211,0.059385,-0.134919,0.083455,0.005289,0.018511,-0.996326
23833279600,0.051166,0.060538,-0.135760,0.089701,0.005242,0.017644,-0.995799
23870842400,0.051160,0.060955,-0.136301,0.091885,0.005381,0.017407,-0.995603
23881843200,0.051113,0.061905,-0.137793,0.097278,0.005856,0.017395,-0.995088
23913976500,0.051126,0.062158,-0.138191,0.098577,0.006162,0.017287,-0.994960
23949719300,0.051098,0.062493,-0.138943,0.100800,0.006196,0.017315,-0.994737
23960077100,0.051116,0.062753,-0.139661,0.102399,0.006085,0.017462,-0.994572
23969906500,0.051080,0.062815,-0.140002,0.102887,0.005890,0.017596,-0.994520
24005941500,0.051016,0.062853,-0.140331,0.103054,0.005629,0.017639,-0.994504
24050734600,0.050968,0.062864,-0.141254,0.103090,0.004784,0.017325,-0.994510
24099214300,0.050998,0.062826,-0.142075,0.102932,0.003511,0.017602,-0.994526
24142680100,0.050838,0.062604,-0.142574,0.101251,0.001982,0.018627,-0.994685
24186356700,0.050952,0.061589,-0.143123,0.095952,0.000267,0.019992,-0.995185
24230319400,0.051330,0.058595,-0.143902,0.079993,-0.003593,0.020852,-0.996571
24272242600,0.051873,0.055184,-0.144268,0.062159,-0.008295,0.020919,-0.997813
24314562900,0.052622,0.053001,-0.144136,0.048464,-0.014513,0.020904,-0.998501
24358560800,0.053306,0.051825,-0.143467,0.043905,-0.020305,0.021508,-0.998598
24401187700,0.053790,0.050619,-0.142667,0.036928,-0.025416,0.021690,-0.998759
24444150600,0.054482,0.049612,-0.142107,0.030841,-0.030163,0.020771,-0.998853
24487572200,0.054872,0.048575,-0.141171,0.025250,-0.034372,0.019591,-0.998898
24534113700,0.055146,0.048030,-0.140085,0.022410,-0.037235,0.018858,-0.998877
24580001200,0.055482,0.047747,-0.138760,0.019440,-0.038947,0.018408,-0.998883
24622240400,0.055645,0.047442,-0.137687,0.018326,-0.038648,0.018002,-0.998923
24683841400,0.055746,0.046764,-0.136574,0.014167,-0.038180,0.018238,-0.999004
24727753700,0.055844,0.046071,-0.135752,0.011447,-0.038306,0.018267,-0.999034
24772624600,0.055824,0.045444,-0.134789,0.009162,-0.038985,0.018907,-0.999019
24816188900,0.055534,0.045089,-0.134509,0.006645,-0.038972,0.019213,-0.999034
24859156100,0.055357,0.044975,-0.134189,0.006461,-0.040012,0.019374,-0.998991
24901801100,0.055376,0.044804,-0.134022,0.005666,-0.042526,0.019398,-0.998891
24952979200,0.055693,0.044541,-0.134049,0.003780,-0.046733,0.019074,-0.998718
24995686000,0.056657,0.044194,-0.133909,0.002160,-0.056822,0.019776,-0.998186
25038457400,0.058538,0.043943,-0.133470,0.000417,-0.067583,0.018213,-0.997547
25081733300,0.061037,0.043374,-0.132856,-0.001292,-0.083749,0.020051,-0.996284
25124398100,0.064249,0.042661,-0.131937,-0.002865,-0.105999,0.021560,-0.994128
25166753400,0.067248,0.041472,-0.130756,-0.008443,-0.125829,0.021608,-0.991781
25212466700,0.069442,0.040146,-0.129178,-0.014573,-0.140655,0.022144,-0.989704
25257496300,0.070656,0.038826,-0.127117,-0.019941,-0.148524,0.023357,-0.988432
25299885500,0.071570,0.036903,-0.124140,-0.026333,-0.155254,0.025363,-0.987198
25343262500,0.072472,0.034813,-0.122796,-0.034076,-0.162311,0.029890,-0.985698
25386277700,0.074230,0.032934,-0.122002,-0.043278,-0.171802,0.028827,-0.983758
25428098100,0.075935,0.031240,-0.121046,-0.047715,-0.180484,0.028647,-0.982002
25471163300,0.077233,0.029183,-0.120824,-0.054965,-0.186209,0.029882,-0.980516
25517488100,0.078914,0.027983,-0.120752,-0.058754,-0.191515,0.030458,-0.979256
25561212800,0.081388,0.027190,-0.121156,-0.062122,-0.200059,0.032635,-0.977268
25604899300,0.086152,0.026511,-0.122520,-0.064008,-0.216039,0.035182,-0.973649
25648411500,0.090485,0.025379,-0.124002,-0.069176,-0.230767,0.036222,-0.969871
25691703700,0.094604,0.023455,-0.125749,-0.078836,-0.244372,0.036563,-0.965780
25734807700,0.098259,0.020842,-0.127315,-0.089483,-0.253154,0.035574,-0.962622
25778990500,0.100877,0.017851,-0.128847,-0.101961,-0.256505,0.037170,-0.960431
25822759000,0.103466,0.015355,-0.129621,-0.112072,-0.260758,0.040244,-0.958032
25867585500,0.106259,0.012461,-0.129445,-0.123601,-0.262769,0.038457,-0.956136
25910602000,0.109106,0.008425,-0.128094,-0.139547,-0.270744,0.047537,-0.951296
25952335900,0.111007,0.006057,-0.126450,-0.148831,-0.273383,0.047450,-0.949136
