timestamp_ns,frame_index,width,height,camera_pos_x,camera_pos_y,camera_pos_z,camera_rot_qx,camera_rot_qy,camera_rot_qz,camera_rot_qw,capture_latency_ms
2251440700,0,1280,960,0.007759,0.051193,-0.180484,0.057254,0.036686,-0.008555,-0.997649,33.455
2306661400,1,1280,960,0.007824,0.050626,-0.178968,0.052722,0.037235,-0.008772,-0.997876,24.570
2348062300,2,1280,960,0.007829,0.050102,-0.178326,0.048879,0.037945,-0.008630,-0.998046,21.606
2391807400,3,1280,960,0.007765,0.049649,-0.178109,0.046793,0.039148,-0.008594,-0.998100,21.988
2434018700,4,1280,960,0.007833,0.049433,-0.178257,0.045979,0.039615,-0.007926,-0.998125,21.841
2479623100,5,1280,960,0.008016,0.049129,-0.178727,0.044465,0.039005,-0.007262,-0.998223,21.929
2531451600,6,1280,960,0.008164,0.048891,-0.179117,0.044095,0.038071,-0.006864,-0.998278,23.533
2565506900,7,1280,960,0.008321,0.048762,-0.179525,0.044116,0.037457,-0.007284,-0.998298,22.142
2599933100,8,1280,960,0.008323,0.048655,-0.179748,0.043855,0.037316,-0.007125,-0.998315,22.511
2632819300,9,1280,960,0.008376,0.048319,-0.180143,0.043258,0.037821,-0.007121,-0.998322,22.734
2667727700,10,1280,960,0.008339,0.048206,-0.180264,0.042909,0.038276,-0.006803,-0.998322,22.861
2702335100,11,1280,960,0.008290,0.048048,-0.180395,0.041941,0.038862,-0.006374,-0.998344,22.379
2735486500,12,1280,960,0.008325,0.048015,-0.180296,0.041322,0.038636,-0.006116,-0.998380,21.549
2779901800,13,1280,960,0.008365,0.048115,-0.180063,0.041203,0.037359,-0.005833,-0.998435,22.415
2822443200,14,1280,960,0.008398,0.048373,-0.179692,0.041823,0.036953,-0.005867,-0.998424,22.257
2866135600,15,1280,960,0.008610,0.048387,-0.179248,0.041116,0.036806,-0.005697,-0.998460,21.955
2908924300,16,1280,960,0.008791,0.048358,-0.178874,0.040529,0.036452,-0.005689,-0.998497,22.032
2946494400,17,1280,960,0.008905,0.048222,-0.178530,0.039490,0.035965,-0.004854,-0.998561,23.872
2983372100,18,1280,960,0.008990,0.048180,-0.178266,0.038849,0.035619,-0.004372,-0.998601,21.231
3034211900,19,1280,960,0.009044,0.048206,-0.177713,0.038686,0.035348,-0.004225,-0.998617,21.029
3077063600,20,1280,960,0.009057,0.047921,-0.177567,0.037079,0.034902,-0.004148,-0.998694,21.278
3118016700,21,1280,960,0.009320,0.047543,-0.177439,0.035584,0.034640,-0.004007,-0.998758,21.841
3151992700,22,1280,960,0.009341,0.047371,-0.177472,0.035079,0.034521,-0.003888,-0.998781,22.015
3195435900,23,1280,960,0.009433,0.047077,-0.177660,0.033805,0.034006,-0.003380,-0.998844,20.927
3236725100,24,1280,960,0.009743,0.047116,-0.177707,0.034052,0.033663,-0.002794,-0.998849,22.173
3279323400,25,1280,960,0.009928,0.047815,-0.177639,0.037560,0.033257,-0.001400,-0.998740,23.031
3313188800,26,1280,960,0.010228,0.049226,-0.177239,0.042512,0.032344,-0.000227,-0.998572,22.108
3348683800,27,1280,960,0.010684,0.051418,-0.176414,0.051913,0.031417,0.001397,-0.998156,23.802
3384213800,28,1280,960,0.011456,0.055476,-0.175117,0.072210,0.030392,0.003817,-0.996919,21.355
3417768500,29,1280,960,0.012171,0.058018,-0.174375,0.084578,0.029829,0.005150,-0.995957,22.100
3450869700,30,1280,960,0.013595,0.061019,-0.173466,0.098704,0.029008,0.008430,-0.994658,22.305
3483842800,31,1280,960,0.014915,0.062158,-0.172904,0.102440,0.028964,0.010192,-0.994265,22.593
3544596300,32,1280,960,0.018633,0.064480,-0.170797,0.111867,0.031229,0.013056,-0.993147,23.489
3581344800,33,1280,960,0.020585,0.064858,-0.169818,0.111731,0.033049,0.014342,-0.993085,22.608
3615365800,34,1280,960,0.023843,0.065249,-0.168035,0.111785,0.036169,0.015718,-0.992950,23.014
3649478900,35,1280,960,0.026244,0.065247,-0.166705,0.110427,0.038067,0.017127,-0.993007,22.266
3682932700,36,1280,960,0.028717,0.065185,-0.165266,0.109017,0.039015,0.018730,-0.993097,21.248
3723644000,37,1280,960,0.033631,0.064196,-0.162486,0.102816,0.040155,0.020980,-0.993668,22.707
3767341300,38,1280,960,0.036960,0.062808,-0.160756,0.094489,0.039828,0.023619,-0.994449,22.606
3809401100,39,1280,960,0.039911,0.061585,-0.159071,0.086375,0.039062,0.024715,-0.995190,24.168
3843999500,40,1280,960,0.041557,0.060799,-0.158105,0.081687,0.038515,0.025492,-0.995587,21.410
3893935600,41,1280,960,0.044649,0.059709,-0.156523,0.074016,0.039061,0.025990,-0.996153,22.551
3947328000,42,1280,960,0.047520,0.058624,-0.154445,0.069360,0.040170,0.025421,-0.996459,24.403
3984260100,43,1280,960,0.048906,0.057776,-0.153234,0.065256,0.040503,0.024633,-0.996742,22.236
4026833400,44,1280,960,0.050891,0.056223,-0.151193,0.056999,0.039723,0.022729,-0.997325,21.490
4071464600,45,1280,960,0.053338,0.053870,-0.147747,0.044030,0.037069,0.021650,-0.998108,22.274
4114351600,46,1280,960,0.054582,0.052540,-0.144438,0.033310,0.035364,0.020530,-0.998608,22.108
4155644100,47,1280,960,0.055468,0.051458,-0.140901,0.025862,0.036181,0.017929,-0.998850,21.931
4201299300,48,1280,960,0.056111,0.050235,-0.137762,0.016055,0.038980,0.016182,-0.998980,21.545
4242750800,49,1280,960,0.056594,0.049149,-0.134765,0.009666,0.039018,0.017308,-0.999042,22.137
4284994100,50,1280,960,0.057261,0.047699,-0.132363,0.002864,0.037942,0.016542,-0.999139,21.450
4325958600,51,1280,960,0.057842,0.046625,-0.131025,-0.004023,0.036058,0.017354,-0.999191,20.618
4373131900,52,1280,960,0.058310,0.045561,-0.130388,-0.008642,0.034074,0.018862,-0.999204,21.166
4442064800,53,1280,960,0.059039,0.044611,-0.130590,-0.011794,0.030401,0.021097,-0.999246,22.072
4499679500,54,1280,960,0.059657,0.045208,-0.131760,-0.008144,0.027567,0.022923,-0.999324,21.643
4541359500,55,1280,960,0.059935,0.045748,-0.133019,-0.005394,0.026434,0.023578,-0.999358,21.164
4579360800,56,1280,960,0.059919,0.046794,-0.134332,0.001135,0.025964,0.024495,-0.999362,22.125
4611596800,57,1280,960,0.059791,0.047618,-0.135305,0.004963,0.025988,0.025525,-0.999324,23.205
4669407500,58,1280,960,0.059259,0.051872,-0.137351,0.027537,0.026989,0.026487,-0.998905,23.249
4708217600,59,1280,960,0.058913,0.053162,-0.138801,0.034022,0.027318,0.027537,-0.998668,20.790
4752120400,60,1280,960,0.058134,0.055447,-0.141785,0.046208,0.027212,0.028592,-0.998152,23.592
4788094700,61,1280,960,0.057641,0.056178,-0.143385,0.050805,0.027045,0.028036,-0.997949,20.752
4839254600,62,1280,960,0.056559,0.056782,-0.146532,0.055416,0.025870,0.026587,-0.997774,23.106
4875183000,63,1280,960,0.056000,0.056665,-0.147970,0.055316,0.025621,0.025306,-0.997819,21.229
4918809100,64,1280,960,0.054683,0.056169,-0.150370,0.054721,0.025348,0.024051,-0.997890,22.106
4960410300,65,1280,960,0.053765,0.056030,-0.151707,0.054371,0.025144,0.023478,-0.997928,23.119
5002158500,66,1280,960,0.053014,0.056087,-0.152504,0.054958,0.024506,0.022031,-0.997945,22.203
5040340300,67,1280,960,0.052628,0.056041,-0.152766,0.055542,0.024127,0.020556,-0.997953,20.739
5085557900,68,1280,960,0.051718,0.055734,-0.153331,0.053592,0.023737,0.018319,-0.998113,23.169
5128550400,69,1280,960,0.051040,0.055537,-0.153482,0.052487,0.024256,0.017559,-0.998173,23.813
5163245700,70,1280,960,0.050606,0.055402,-0.153463,0.051800,0.025012,0.017143,-0.998197,21.206
5197827400,71,1280,960,0.050006,0.055146,-0.153215,0.050371,0.026279,0.017400,-0.998233,22.316
5241168200,72,1280,960,0.049627,0.054721,-0.152875,0.048251,0.027206,0.017135,-0.998318,22.768
5284466100,73,1280,960,0.049366,0.054014,-0.152850,0.044684,0.027666,0.016609,-0.998480,21.894
5327136600,74,1280,960,0.049298,0.053140,-0.152487,0.040486,0.028149,0.016257,-0.998651,22.158
5373306700,75,1280,960,0.049189,0.052229,-0.152089,0.035820,0.028414,0.017427,-0.998802,22.081
5419171300,76,1280,960,0.049376,0.050992,-0.151441,0.029286,0.027989,0.018406,-0.999010,23.407
5473620700,77,1280,960,0.049816,0.049367,-0.150633,0.019854,0.026121,0.019455,-0.999272,22.934
5513764800,78,1280,960,0.049985,0.048341,-0.150082,0.014343,0.024740,0.019795,-0.999395,21.694
5556444300,79,1280,960,0.050627,0.046274,-0.148804,0.003049,0.021617,0.020260,-0.999556,22.705
5591566900,80,1280,960,0.050925,0.045149,-0.148020,-0.003174,0.020345,0.019932,-0.999589,22.120
5625331000,81,1280,960,0.051038,0.044105,-0.147072,-0.009004,0.019225,0.019641,-0.999582,21.553
5668493400,82,1280,960,0.051190,0.042917,-0.145017,-0.015619,0.017710,0.019823,-0.999525,22.934
5712378800,83,1280,960,0.051195,0.042444,-0.143775,-0.018253,0.017908,0.019903,-0.999475,23.518
5747240200,84,1280,960,0.051208,0.042498,-0.143306,-0.018285,0.018338,0.020029,-0.999464,21.675
5787325500,85,1280,960,0.051123,0.042563,-0.142482,-0.018311,0.018817,0.020447,-0.999446,21.797
5820244700,86,1280,960,0.051079,0.042546,-0.142232,-0.018642,0.019014,0.020420,-0.999437,22.402
5877114900,87,1280,960,0.050901,0.042238,-0.141497,-0.019914,0.018686,0.021001,-0.999406,23.920
5911913600,88,1280,960,0.050911,0.042113,-0.141410,-0.020534,0.018223,0.021051,-0.999401,22.055
5945656400,89,1280,960,0.050931,0.041973,-0.141399,-0.021044,0.017789,0.021136,-0.999397,22.390
5980045300,90,1280,960,0.050857,0.041885,-0.141519,-0.021351,0.016852,0.021300,-0.999403,22.474
6014584200,91,1280,960,0.050773,0.041963,-0.141718,-0.020923,0.016471,0.021246,-0.999420,21.540
6056600900,92,1280,960,0.050680,0.042080,-0.142260,-0.020234,0.015455,0.021257,-0.999450,22.419
6113302200,93,1280,960,0.050650,0.042420,-0.142426,-0.018628,0.014702,0.021412,-0.999489,22.861
6152338800,94,1280,960,0.050605,0.042530,-0.142627,-0.018309,0.014519,0.021229,-0.999502,21.395
6196554100,95,1280,960,0.050488,0.042753,-0.142918,-0.017332,0.014148,0.020819,-0.999533,22.959
6239182600,96,1280,960,0.050450,0.043001,-0.142919,-0.016634,0.014156,0.020889,-0.999543,22.560
6280572400,97,1280,960,0.050260,0.043098,-0.142995,-0.016478,0.014239,0.020469,-0.999553,23.138
6324295000,98,1280,960,0.050095,0.043108,-0.142840,-0.016064,0.014386,0.020227,-0.999563,21.654
6373775300,99,1280,960,0.049986,0.043120,-0.142600,-0.015661,0.014157,0.020189,-0.999573,22.387
6406766300,100,1280,960,0.049900,0.043189,-0.142520,-0.015388,0.013927,0.020190,-0.999581,22.392
6440542100,101,1280,960,0.049898,0.043251,-0.142510,-0.015198,0.013605,0.020226,-0.999587,21.561
6489456000,102,1280,960,0.050037,0.043917,-0.142333,-0.011539,0.012867,0.020046,-0.999650,23.582
6533744400,103,1280,960,0.050050,0.044239,-0.142296,-0.010327,0.012333,0.020116,-0.999668,22.207
6568182500,104,1280,960,0.050068,0.044242,-0.142383,-0.010176,0.012156,0.019905,-0.999676,21.614
6613780000,105,1280,960,0.050068,0.044388,-0.142471,-0.008739,0.011663,0.020148,-0.999691,23.428
6667856500,106,1280,960,0.050135,0.044474,-0.142417,-0.007988,0.011167,0.019741,-0.999711,21.854
6709272000,107,1280,960,0.050189,0.044702,-0.142482,-0.006925,0.010573,0.020333,-0.999713,23.861
6744360800,108,1280,960,0.050302,0.044969,-0.142486,-0.005831,0.010176,0.020314,-0.999725,22.640
6778424300,109,1280,960,0.050406,0.044950,-0.142820,-0.005162,0.009636,0.020468,-0.999731,23.727
6812909200,110,1280,960,0.050558,0.044898,-0.143122,-0.004674,0.009064,0.020654,-0.999735,20.906
6853316000,111,1280,960,0.050674,0.044906,-0.143413,-0.004198,0.008612,0.020782,-0.999738,21.713
6894002100,112,1280,960,0.050754,0.044896,-0.143652,-0.004213,0.008483,0.021083,-0.999733,23.506
6928692700,113,1280,960,0.050806,0.044908,-0.143701,-0.004008,0.008451,0.021114,-0.999733,23.470
6964107500,114,1280,960,0.050894,0.044940,-0.143878,-0.003502,0.008205,0.021608,-0.999727,21.742
6998115300,115,1280,960,0.050945,0.044868,-0.143881,-0.003682,0.008221,0.021385,-0.999731,21.656
7044009700,116,1280,960,0.050928,0.044793,-0.143917,-0.003903,0.008251,0.021346,-0.999731,23.096
7077530300,117,1280,960,0.050895,0.044791,-0.143794,-0.003751,0.008303,0.021701,-0.999723,20.962
7119082100,118,1280,960,0.050830,0.044662,-0.143925,-0.003931,0.008093,0.021925,-0.999719,22.547
7162566600,119,1280,960,0.050812,0.044597,-0.143661,-0.003974,0.007908,0.021708,-0.999725,20.903
7213719900,120,1280,960,0.050709,0.044507,-0.143629,-0.004370,0.008104,0.021525,-0.999726,22.631
7249484900,121,1280,960,0.050626,0.044396,-0.143563,-0.004731,0.008330,0.021564,-0.999722,24.992
7284624500,122,1280,960,0.050530,0.044323,-0.143574,-0.004852,0.008478,0.021505,-0.999721,21.343
7335988700,123,1280,960,0.050666,0.044338,-0.143578,-0.004842,0.007844,0.021562,-0.999725,23.407
7369575500,124,1280,960,0.050769,0.044271,-0.143559,-0.004951,0.007576,0.021720,-0.999723,21.467
7410940900,125,1280,960,0.050779,0.044283,-0.143518,-0.004420,0.008054,0.022477,-0.999705,21.769
7451894900,126,1280,960,0.050527,0.044252,-0.143522,-0.004302,0.010348,0.023253,-0.999667,21.183
7492830600,127,1280,960,0.050053,0.044258,-0.143589,-0.004323,0.014044,0.024103,-0.999602,21.976
7531730900,128,1280,960,0.049746,0.044289,-0.143688,-0.004357,0.016017,0.024813,-0.999554,23.611
7567409700,129,1280,960,0.049334,0.044228,-0.143725,-0.004574,0.018626,0.025747,-0.999485,21.029
7626193200,130,1280,960,0.047813,0.044476,-0.143866,-0.003237,0.027964,0.027294,-0.999231,21.322
7668214300,131,1280,960,0.046689,0.044600,-0.144144,-0.002771,0.034834,0.026559,-0.999036,22.831
7713587500,132,1280,960,0.045129,0.044655,-0.144344,-0.002194,0.043038,0.026298,-0.998725,21.307
7757376400,133,1280,960,0.043459,0.044999,-0.144665,-0.001971,0.052225,0.025309,-0.998313,21.524
7800711700,134,1280,960,0.041241,0.045182,-0.144867,-0.000307,0.063771,0.025809,-0.997631,20.884
7851615800,135,1280,960,0.037995,0.045487,-0.145428,-0.000162,0.081326,0.026232,-0.996342,22.223
7890025500,136,1280,960,0.036460,0.045548,-0.145605,0.000076,0.089449,0.026637,-0.995635,21.992
7932829800,137,1280,960,0.033608,0.045717,-0.145829,0.001500,0.103404,0.025432,-0.994313,22.747
7973637200,138,1280,960,0.031504,0.045696,-0.146054,0.000706,0.112967,0.024807,-0.993289,23.352
8029929200,139,1280,960,0.028776,0.045564,-0.146703,0.000019,0.125385,0.023982,-0.991818,22.108
8069997900,140,1280,960,0.027522,0.045484,-0.146803,-0.000095,0.131207,0.022824,-0.991092,22.036
8104623400,141,1280,960,0.025791,0.045117,-0.146953,-0.001567,0.139017,0.022001,-0.990044,21.690
8137834000,142,1280,960,0.024996,0.044889,-0.147213,-0.003512,0.142170,0.021300,-0.989607,22.141
8196734100,143,1280,960,0.023838,0.044310,-0.147018,-0.005721,0.143985,0.018745,-0.989386,22.923
8236161700,144,1280,960,0.023979,0.044095,-0.146744,-0.006799,0.142020,0.018729,-0.989663,21.164
8279074200,145,1280,960,0.024245,0.044088,-0.146523,-0.006977,0.139016,0.018396,-0.990095,22.486
8313337900,146,1280,960,0.024387,0.044014,-0.146377,-0.007255,0.139033,0.017895,-0.990100,21.208
8353511700,147,1280,960,0.024372,0.043915,-0.146206,-0.007748,0.139789,0.018049,-0.989987,21.793
8396564800,148,1280,960,0.024679,0.043876,-0.146042,-0.008873,0.138597,0.018295,-0.990140,21.513
8439547600,149,1280,960,0.025876,0.043831,-0.145660,-0.008918,0.132214,0.019232,-0.990995,22.043
8492354900,150,1280,960,0.029293,0.043844,-0.144920,-0.008633,0.112960,0.017906,-0.993401,22.612
8535918600,151,1280,960,0.033355,0.043541,-0.144327,-0.009687,0.089469,0.017664,-0.995786,22.327
8578069500,152,1280,960,0.037384,0.043460,-0.143652,-0.008975,0.066739,0.014623,-0.997623,21.515
8620539900,153,1280,960,0.040725,0.043142,-0.143363,-0.010758,0.049471,0.014449,-0.998613,20.897
8672815900,154,1280,960,0.043585,0.043142,-0.142936,-0.011498,0.036731,0.016054,-0.999130,22.055
8707947200,155,1280,960,0.044459,0.043128,-0.142878,-0.010906,0.034369,0.017071,-0.999204,21.486
8752499600,156,1280,960,0.045507,0.043535,-0.142866,-0.009731,0.032160,0.018073,-0.999272,24.240
8788594600,157,1280,960,0.045862,0.043631,-0.142930,-0.009490,0.032252,0.018255,-0.999268,21.807
8821790100,158,1280,960,0.045978,0.043673,-0.143019,-0.009278,0.032572,0.018314,-0.999259,23.027
8855259200,159,1280,960,0.046104,0.043865,-0.142925,-0.008706,0.032545,0.017935,-0.999272,23.043
8894715600,160,1280,960,0.046122,0.043992,-0.142742,-0.008595,0.032150,0.017558,-0.999292,21.879
8928085300,161,1280,960,0.046042,0.043847,-0.142694,-0.009097,0.032165,0.017289,-0.999292,21.055
8988209700,162,1280,960,0.045763,0.043410,-0.142597,-0.011796,0.030934,0.018159,-0.999287,24.429
9024541600,163,1280,960,0.045744,0.043167,-0.142532,-0.013114,0.029829,0.018022,-0.999307,21.420
9078159100,164,1280,960,0.045646,0.042864,-0.142226,-0.014188,0.028177,0.017953,-0.999341,21.502
9120261300,165,1280,960,0.045396,0.042715,-0.141885,-0.014446,0.027899,0.018473,-0.999336,20.773
9160845800,166,1280,960,0.045186,0.042819,-0.141580,-0.014173,0.027614,0.019611,-0.999326,21.870
9203302500,167,1280,960,0.045101,0.042760,-0.141388,-0.014520,0.027219,0.020018,-0.999324,20.702
9257417000,168,1280,960,0.045071,0.042344,-0.141489,-0.016443,0.027005,0.020120,-0.999298,22.110
9317090900,169,1280,960,0.045177,0.042361,-0.141383,-0.016350,0.027134,0.020428,-0.999289,20.878
9365512300,170,1280,960,0.045582,0.042735,-0.141364,-0.015183,0.027491,0.020439,-0.999298,22.156
9402068300,171,1280,960,0.045783,0.042983,-0.141415,-0.014208,0.027841,0.020936,-0.999292,21.961
9436023600,172,1280,960,0.046200,0.043350,-0.141455,-0.012594,0.027879,0.021159,-0.999308,21.320
9470100900,173,1280,960,0.046450,0.043651,-0.141622,-0.011828,0.027579,0.021461,-0.999319,21.299
9520138200,174,1280,960,0.047110,0.043737,-0.141880,-0.010655,0.026757,0.022339,-0.999336,22.060
9564098600,175,1280,960,0.047533,0.043761,-0.142076,-0.010463,0.026129,0.022777,-0.999344,21.414
9605031200,176,1280,960,0.047894,0.043830,-0.142245,-0.010499,0.025414,0.023230,-0.999352,20.864
9651613800,177,1280,960,0.048159,0.044032,-0.142335,-0.009558,0.024958,0.023674,-0.999363,23.207
9693605100,178,1280,960,0.048386,0.044422,-0.142463,-0.008872,0.024755,0.024029,-0.999365,21.694
9738008600,179,1280,960,0.048556,0.044674,-0.142537,-0.008027,0.024336,0.024629,-0.999368,22.537
9793095700,180,1280,960,0.048625,0.044788,-0.142463,-0.007584,0.024264,0.024382,-0.999380,23.890
9832531500,181,1280,960,0.048797,0.044804,-0.142563,-0.007374,0.024480,0.024640,-0.999369,21.835
9866480900,182,1280,960,0.048744,0.044786,-0.142425,-0.007231,0.024711,0.025044,-0.999355,23.535
9902826200,183,1280,960,0.048734,0.044782,-0.142344,-0.007475,0.024428,0.025168,-0.999357,21.399
9936869600,184,1280,960,0.048625,0.044874,-0.142237,-0.007834,0.024107,0.025240,-0.999360,21.713
9970300100,185,1280,960,0.048439,0.045043,-0.142079,-0.007320,0.024018,0.025433,-0.999361,22.545
10003585800,186,1280,960,0.048242,0.045200,-0.141786,-0.006988,0.024002,0.025755,-0.999356,21.282
10045331800,187,1280,960,0.048131,0.045083,-0.141682,-0.007796,0.024259,0.025636,-0.999347,22.549
10080114500,188,1280,960,0.048095,0.044959,-0.141651,-0.008235,0.024383,0.025754,-0.999337,22.293
10112928400,189,1280,960,0.047941,0.044814,-0.141506,-0.008967,0.024411,0.025878,-0.999327,23.434
10146909900,190,1280,960,0.047772,0.044524,-0.141256,-0.010573,0.024165,0.025733,-0.999321,21.404
10197553900,191,1280,960,0.047664,0.043847,-0.141346,-0.013648,0.022632,0.025080,-0.999336,21.370
10234716900,192,1280,960,0.047636,0.043578,-0.141292,-0.014856,0.021660,0.024741,-0.999349,21.072
10268505500,193,1280,960,0.047633,0.043495,-0.141128,-0.014883,0.020142,0.023831,-0.999402,22.629
10303318300,194,1280,960,0.047914,0.043807,-0.140941,-0.012330,0.018120,0.023074,-0.999494,21.481
10355171400,195,1280,960,0.048386,0.044175,-0.140778,-0.011041,0.013942,0.022177,-0.999596,22.743
10388844900,196,1280,960,0.048551,0.044197,-0.140708,-0.010851,0.012174,0.022166,-0.999621,22.354
10431193800,197,1280,960,0.049080,0.044300,-0.140474,-0.010688,0.009191,0.022417,-0.999649,22.232
10469297600,198,1280,960,0.049298,0.044090,-0.140358,-0.011538,0.007959,0.022294,-0.999653,21.957
10519325300,199,1280,960,0.049722,0.043744,-0.140087,-0.012770,0.006041,0.022183,-0.999654,21.515
10560550700,200,1280,960,0.050201,0.043442,-0.139960,-0.013671,0.004587,0.022278,-0.999648,21.160
10602157600,201,1280,960,0.050522,0.043131,-0.139841,-0.014709,0.003526,0.021867,-0.999647,21.946
10650175900,202,1280,960,0.050760,0.042964,-0.139782,-0.015770,0.002358,0.022491,-0.999620,21.385
10700732300,203,1280,960,0.050970,0.043036,-0.139622,-0.016275,0.001211,0.022340,-0.999617,22.781
10735967700,204,1280,960,0.051009,0.042975,-0.139518,-0.016535,0.000888,0.022321,-0.999614,22.835
10771218500,205,1280,960,0.050989,0.042746,-0.139452,-0.017130,0.000895,0.022480,-0.999600,21.946
10813824900,206,1280,960,0.050794,0.042463,-0.139372,-0.018188,0.001643,0.022944,-0.999570,21.477
10853249200,207,1280,960,0.050548,0.042227,-0.139206,-0.019178,0.002182,0.022899,-0.999552,22.530
10885900600,208,1280,960,0.050384,0.042174,-0.139094,-0.019404,0.002263,0.022691,-0.999552,21.347
10935090600,209,1280,960,0.049955,0.042194,-0.138972,-0.019926,0.002041,0.022203,-0.999553,23.010
10972116900,210,1280,960,0.049824,0.042196,-0.138863,-0.019717,0.001808,0.022056,-0.999561,22.415
11014913800,211,1280,960,0.049622,0.042218,-0.138573,-0.018996,0.001665,0.022488,-0.999565,22.213
11070838100,212,1280,960,0.049316,0.042104,-0.138398,-0.019514,0.001899,0.022548,-0.999554,23.865
11109315900,213,1280,960,0.049212,0.042001,-0.138332,-0.019681,0.001999,0.022297,-0.999556,23.109
11143096500,214,1280,960,0.049102,0.041862,-0.138394,-0.020731,0.001409,0.022175,-0.999538,22.247
11185265300,215,1280,960,0.049095,0.041708,-0.138543,-0.021347,0.000499,0.022231,-0.999525,22.793
11219321600,216,1280,960,0.049078,0.041654,-0.138682,-0.021378,0.000182,0.022263,-0.999524,21.114
11266034900,217,1280,960,0.049015,0.041758,-0.138992,-0.021398,-0.000001,0.021967,-0.999530,21.793
11307959300,218,1280,960,0.048998,0.041794,-0.139438,-0.021354,-0.000089,0.022163,-0.999526,22.678
11352203100,219,1280,960,0.049042,0.041812,-0.139918,-0.020929,-0.000575,0.022604,-0.999525,22.583
11395814200,220,1280,960,0.049081,0.041786,-0.140258,-0.020808,-0.001370,0.022922,-0.999520,22.377
11435923300,221,1280,960,0.049102,0.041682,-0.140801,-0.021122,-0.002460,0.023620,-0.999495,21.584
11479462800,222,1280,960,0.049022,0.041659,-0.141361,-0.021151,-0.003716,0.024447,-0.999471,22.854
11513101200,223,1280,960,0.048822,0.041865,-0.141305,-0.020889,-0.004473,0.024638,-0.999468,22.240
11556663800,224,1280,960,0.048600,0.042016,-0.141960,-0.020124,-0.005532,0.024755,-0.999476,24.273
11591674000,225,1280,960,0.048435,0.042042,-0.142243,-0.019908,-0.005574,0.024450,-0.999487,21.927
11639184900,226,1280,960,0.048171,0.042149,-0.142065,-0.019519,-0.005450,0.024303,-0.999499,21.507
11682227100,227,1280,960,0.047960,0.042354,-0.142292,-0.019170,-0.005099,0.024193,-0.999511,22.591
11716101000,228,1280,960,0.047929,0.042494,-0.142240,-0.019066,-0.004827,0.024075,-0.999517,21.427
11758716600,229,1280,960,0.047950,0.042620,-0.141762,-0.018850,-0.004873,0.024089,-0.999520,22.709
11792915100,230,1280,960,0.048064,0.042729,-0.141598,-0.018717,-0.005091,0.024110,-0.999521,24.815
11830790900,231,1280,960,0.048231,0.042783,-0.141373,-0.019224,-0.005292,0.024230,-0.999508,21.347
11879982100,232,1280,960,0.048361,0.042561,-0.140873,-0.020246,-0.005457,0.025246,-0.999461,21.671
11924447600,233,1280,960,0.048646,0.042453,-0.140623,-0.021118,-0.005591,0.025628,-0.999433,22.697
11966143700,234,1280,960,0.048936,0.042194,-0.140400,-0.022028,-0.005864,0.026161,-0.999398,21.206
12010370400,235,1280,960,0.049154,0.041591,-0.140209,-0.023193,-0.006319,0.026841,-0.999351,22.820
12069017100,236,1280,960,0.049466,0.041510,-0.140213,-0.023759,-0.006787,0.026913,-0.999332,22.114
12110764500,237,1280,960,0.049661,0.041348,-0.140322,-0.023793,-0.006839,0.027072,-0.999327,22.095
12154651500,238,1280,960,0.049724,0.041414,-0.140470,-0.023745,-0.006831,0.027249,-0.999323,22.472
12199713300,239,1280,960,0.049711,0.041480,-0.140504,-0.023637,-0.006846,0.027085,-0.999330,21.950
12241079200,240,1280,960,0.050080,0.041222,-0.140468,-0.023677,-0.007198,0.027583,-0.999313,22.896
12284312300,241,1280,960,0.050020,0.041141,-0.140596,-0.024266,-0.007504,0.027302,-0.999305,22.545
12327525800,242,1280,960,0.049997,0.040989,-0.140809,-0.024326,-0.008302,0.027487,-0.999292,22.213
12374378200,243,1280,960,0.050099,0.040857,-0.141159,-0.024252,-0.009372,0.027839,-0.999274,23.224
12409595400,244,1280,960,0.050291,0.040962,-0.141564,-0.023752,-0.011008,0.027459,-0.999280,22.644
12442676300,245,1280,960,0.050303,0.041174,-0.141770,-0.023272,-0.011969,0.027248,-0.999286,21.336
12490652000,246,1280,960,0.050071,0.041812,-0.141858,-0.020988,-0.013050,0.027232,-0.999324,22.907
12534530700,247,1280,960,0.050147,0.042138,-0.142284,-0.019925,-0.013353,0.027247,-0.999341,22.232
12576886200,248,1280,960,0.050129,0.042421,-0.142433,-0.018936,-0.013814,0.027362,-0.999351,21.824
12621391300,249,1280,960,0.050176,0.042684,-0.142621,-0.017923,-0.015340,0.028646,-0.999311,20.752
12680328700,250,1280,960,0.050833,0.043494,-0.143663,-0.014024,-0.018935,0.029760,-0.999279,21.095
12721584800,251,1280,960,0.051301,0.043785,-0.144505,-0.010941,-0.021166,0.030656,-0.999246,21.687
12765873800,252,1280,960,0.051635,0.044204,-0.145849,-0.008577,-0.023618,0.031454,-0.999189,22.434
12808040400,253,1280,960,0.051649,0.044684,-0.146585,-0.005689,-0.024456,0.031403,-0.999191,22.888
12851725200,254,1280,960,0.051509,0.045277,-0.147485,-0.001520,-0.023661,0.031936,-0.999209,22.682
12894252800,255,1280,960,0.051394,0.045790,-0.148387,0.001404,-0.022399,0.032286,-0.999227,21.866
12938978400,256,1280,960,0.051236,0.046150,-0.149115,0.003571,-0.021296,0.032733,-0.999231,21.564
12990257500,257,1280,960,0.051050,0.046394,-0.149808,0.004792,-0.021052,0.032526,-0.999238,24.067
13026745800,258,1280,960,0.051270,0.046079,-0.149947,0.004265,-0.021452,0.032117,-0.999245,21.465
13070034700,259,1280,960,0.051167,0.045623,-0.149892,0.001466,-0.022169,0.031807,-0.999247,21.202
13111666900,260,1280,960,0.050790,0.044904,-0.149539,-0.001732,-0.021614,0.031266,-0.999276,21.294
13155121200,261,1280,960,0.050173,0.044138,-0.148716,-0.004935,-0.019657,0.031578,-0.999296,22.244
13198015300,262,1280,960,0.049796,0.043129,-0.148196,-0.010079,-0.017801,0.031644,-0.999290,21.622
13238212200,263,1280,960,0.049136,0.042819,-0.147303,-0.012293,-0.015534,0.030914,-0.999326,21.622
13278644500,264,1280,960,0.048576,0.042833,-0.146565,-0.012224,-0.012795,0.030384,-0.999382,20.981
13320745900,265,1280,960,0.047971,0.043099,-0.145676,-0.010516,-0.009918,0.030591,-0.999428,24.223
13359305100,266,1280,960,0.047665,0.043242,-0.145206,-0.009797,-0.007867,0.030413,-0.999458,21.019
13409779900,267,1280,960,0.046973,0.043249,-0.144080,-0.010514,-0.004787,0.030621,-0.999464,22.259
13453165100,268,1280,960,0.046573,0.043034,-0.143333,-0.012274,-0.002831,0.030368,-0.999459,21.854
13487447400,269,1280,960,0.046242,0.042861,-0.142873,-0.013230,-0.001707,0.029837,-0.999466,22.797
13530261700,270,1280,960,0.045632,0.042507,-0.142127,-0.015012,0.001082,0.028722,-0.999474,23.014
13573464900,271,1280,960,0.045476,0.042292,-0.141744,-0.016067,0.002785,0.027880,-0.999478,22.930
13615582800,272,1280,960,0.045585,0.042137,-0.141628,-0.017054,0.003773,0.027416,-0.999472,22.320
13658371200,273,1280,960,0.045733,0.042056,-0.141432,-0.017617,0.003995,0.027549,-0.999457,25.345
13694279600,274,1280,960,0.045895,0.041999,-0.141374,-0.018091,0.003672,0.027837,-0.999442,22.644
13737453600,275,1280,960,0.046338,0.041894,-0.141364,-0.018640,0.002975,0.028272,-0.999422,23.952
13773022700,276,1280,960,0.046502,0.041891,-0.141361,-0.018674,0.002841,0.028570,-0.999413,22.903
13806277100,277,1280,960,0.046596,0.041868,-0.141348,-0.019276,0.002624,0.028793,-0.999396,21.393
13848240600,278,1280,960,0.046744,0.041834,-0.141259,-0.019776,0.002404,0.028716,-0.999389,30.418
13889397700,279,1280,960,0.046845,0.041794,-0.141302,-0.019767,0.002546,0.028220,-0.999403,22.209
13931837500,280,1280,960,0.047072,0.041707,-0.141571,-0.020493,0.002876,0.027746,-0.999401,24.052
13966784200,281,1280,960,0.047191,0.041611,-0.141664,-0.020807,0.003029,0.027077,-0.999412,21.973
14001142600,282,1280,960,0.047316,0.041638,-0.141704,-0.020760,0.002890,0.027128,-0.999412,23.312
14035416700,283,1280,960,0.047514,0.041772,-0.141777,-0.020623,0.002676,0.026828,-0.999424,21.683
14079990100,284,1280,960,0.047764,0.041784,-0.141954,-0.020677,0.002449,0.026896,-0.999421,20.985
14123247100,285,1280,960,0.048046,0.041826,-0.142133,-0.020483,0.002307,0.027266,-0.999416,21.122
14168691600,286,1280,960,0.048496,0.041918,-0.142273,-0.020140,0.001966,0.027635,-0.999413,22.617
14210184500,287,1280,960,0.048900,0.041837,-0.142557,-0.020584,0.001319,0.027869,-0.999399,22.762
14251834400,288,1280,960,0.049415,0.041900,-0.142671,-0.020222,-0.000208,0.027545,-0.999416,23.075
14297151600,289,1280,960,0.049904,0.041943,-0.142856,-0.020733,-0.001728,0.027467,-0.999406,22.911
14342992600,290,1280,960,0.050362,0.041965,-0.143211,-0.020509,-0.002975,0.027223,-0.999415,21.587
14375322300,291,1280,960,0.050511,0.041914,-0.143360,-0.020705,-0.003625,0.027473,-0.999402,22.320
14433289900,292,1280,960,0.050727,0.041952,-0.144080,-0.020116,-0.004034,0.027424,-0.999413,22.884
14475767400,293,1280,960,0.050512,0.041932,-0.144446,-0.020179,-0.003284,0.026970,-0.999427,23.659
14511547400,294,1280,960,0.050393,0.041997,-0.144779,-0.019864,-0.002748,0.026671,-0.999443,21.465
14562106600,295,1280,960,0.050031,0.042079,-0.145131,-0.019456,-0.002250,0.025740,-0.999477,20.950
14603492900,296,1280,960,0.049889,0.042311,-0.145489,-0.018383,-0.002300,0.024509,-0.999528,21.740
14645919900,297,1280,960,0.049725,0.042490,-0.145492,-0.017406,-0.002205,0.023313,-0.999574,21.713
14680075500,298,1280,960,0.049650,0.042487,-0.145543,-0.017435,-0.002243,0.022935,-0.999583,26.184
14717034600,299,1280,960,0.049496,0.042451,-0.145470,-0.017330,-0.002050,0.022776,-0.999588,21.667
14767686100,300,1280,960,0.049349,0.042446,-0.145312,-0.017191,-0.001353,0.023578,-0.999573,23.525
14801393000,301,1280,960,0.049321,0.042272,-0.145245,-0.017761,-0.001337,0.023777,-0.999559,20.626
14841543200,302,1280,960,0.049225,0.042144,-0.145047,-0.018169,-0.001457,0.023918,-0.999548,21.442
14875665200,303,1280,960,0.049038,0.042179,-0.144832,-0.018132,-0.001424,0.023903,-0.999549,21.938
14918889300,304,1280,960,0.048706,0.042177,-0.144420,-0.018485,-0.000768,0.023605,-0.999550,22.694
14961897300,305,1280,960,0.048398,0.042082,-0.144289,-0.018391,-0.000122,0.023517,-0.999554,23.212
14996206500,306,1280,960,0.048308,0.042083,-0.144083,-0.018362,-0.000124,0.023479,-0.999556,20.687
15047577900,307,1280,960,0.048186,0.041896,-0.143792,-0.019079,-0.000173,0.023011,-0.999553,22.938
15080799600,308,1280,960,0.048151,0.041766,-0.143703,-0.019540,-0.000077,0.023061,-0.999543,21.286
15131467900,309,1280,960,0.048138,0.041486,-0.143775,-0.020470,-0.000109,0.023239,-0.999520,22.755
15175199500,310,1280,960,0.048169,0.041478,-0.143785,-0.020312,-0.000212,0.023098,-0.999527,21.507
15217295100,311,1280,960,0.048170,0.041461,-0.143879,-0.020290,-0.000348,0.023082,-0.999528,23.266
15251451000,312,1280,960,0.048203,0.041379,-0.144046,-0.020580,-0.000549,0.023117,-0.999521,23.922
15286015300,313,1280,960,0.048221,0.041409,-0.144286,-0.020477,-0.000910,0.023443,-0.999515,21.671
15329027200,314,1280,960,0.048198,0.041538,-0.144424,-0.019837,-0.000610,0.023185,-0.999534,21.603
15389582700,315,1280,960,0.048132,0.041497,-0.144775,-0.019975,0.000316,0.023488,-0.999525,22.125
15428359200,316,1280,960,0.047909,0.041641,-0.144823,-0.019972,0.000485,0.023241,-0.999530,20.653
15477659200,317,1280,960,0.047710,0.041754,-0.144963,-0.019543,0.000832,0.022998,-0.999544,21.915
15520762500,318,1280,960,0.047596,0.041949,-0.144908,-0.019190,0.001303,0.022757,-0.999556,21.358
15562103700,319,1280,960,0.047504,0.042084,-0.144925,-0.018706,0.001590,0.022553,-0.999569,21.416
15607196600,320,1280,960,0.047466,0.042150,-0.144954,-0.018569,0.001789,0.022724,-0.999568,20.744
15657021300,321,1280,960,0.047409,0.042221,-0.144875,-0.018328,0.001971,0.023090,-0.999564,23.376
15691569400,322,1280,960,0.047332,0.042174,-0.144808,-0.018719,0.001951,0.023025,-0.999558,21.866
15725030500,323,1280,960,0.047189,0.042081,-0.144724,-0.019289,0.001915,0.022989,-0.999548,22.717
15767273100,324,1280,960,0.047041,0.042064,-0.144640,-0.019407,0.001935,0.022929,-0.999547,22.881
15807646900,325,1280,960,0.046928,0.041989,-0.144621,-0.019488,0.002135,0.022611,-0.999552,23.289
15841413100,326,1280,960,0.046750,0.041726,-0.144704,-0.020036,0.002401,0.022307,-0.999548,21.626
15894542200,327,1280,960,0.046573,0.041674,-0.144701,-0.020231,0.002605,0.022438,-0.999540,22.530
15929243900,328,1280,960,0.046546,0.041619,-0.144756,-0.020338,0.002625,0.022435,-0.999538,22.518
15963778500,329,1280,960,0.046542,0.041490,-0.144956,-0.020877,0.002573,0.022637,-0.999523,22.411
15997300600,330,1280,960,0.046508,0.041494,-0.144951,-0.020790,0.002510,0.022606,-0.999525,21.511
16030581900,331,1280,960,0.046471,0.041531,-0.144935,-0.020460,0.002512,0.022577,-0.999533,21.645
16072696600,332,1280,960,0.046520,0.041434,-0.144984,-0.020343,0.002611,0.022502,-0.999536,21.999
16114103800,333,1280,960,0.046543,0.041487,-0.144967,-0.020054,0.002477,0.022964,-0.999532,22.598
16157093700,334,1280,960,0.046631,0.041479,-0.144962,-0.020189,0.002312,0.023170,-0.999525,21.828
16202263800,335,1280,960,0.046839,0.041553,-0.144954,-0.020301,0.001924,0.023534,-0.999515,20.996
16243948800,336,1280,960,0.046847,0.041540,-0.144962,-0.020042,0.001898,0.023773,-0.999515,21.545
16285460000,337,1280,960,0.046929,0.041472,-0.145025,-0.020264,0.002116,0.024063,-0.999503,20.832
16326536600,338,1280,960,0.046966,0.041476,-0.145071,-0.020330,0.002022,0.024253,-0.999497,21.553
16373114100,339,1280,960,0.047118,0.041671,-0.145032,-0.019745,0.001685,0.024667,-0.999499,20.962
16433992900,340,1280,960,0.047366,0.041722,-0.145160,-0.019553,0.001224,0.025012,-0.999495,22.240
16471178600,341,1280,960,0.047390,0.041778,-0.145177,-0.019316,0.001328,0.025325,-0.999492,21.778
16514892100,342,1280,960,0.047554,0.041957,-0.145114,-0.018955,0.001252,0.025816,-0.999486,22.236
16560089800,343,1280,960,0.047596,0.041844,-0.145193,-0.019665,0.000970,0.025816,-0.999473,22.575
16594874500,344,1280,960,0.047687,0.041796,-0.145303,-0.019748,0.000823,0.025820,-0.999471,21.435
16644252100,345,1280,960,0.047649,0.041709,-0.145499,-0.019926,0.000763,0.025621,-0.999473,22.057
16688274200,346,1280,960,0.047603,0.041724,-0.145661,-0.020054,0.000757,0.025712,-0.999468,21.564
16721843800,347,1280,960,0.047580,0.041784,-0.145776,-0.019688,0.000749,0.025381,-0.999484,21.206
16755323400,348,1280,960,0.047593,0.041789,-0.146022,-0.019591,0.000740,0.025327,-0.999487,22.884
16788836800,349,1280,960,0.047483,0.041797,-0.146130,-0.019610,0.000759,0.025316,-0.999487,22.621
16839459300,350,1280,960,0.047327,0.041775,-0.146226,-0.019360,0.000634,0.025345,-0.999491,20.939
16880254900,351,1280,960,0.047199,0.041690,-0.146352,-0.019659,0.000432,0.025102,-0.999492,22.438
16915195900,352,1280,960,0.047196,0.041652,-0.146441,-0.019792,0.000543,0.024851,-0.999495,22.366
16950531900,353,1280,960,0.047078,0.041733,-0.146413,-0.019360,0.000654,0.025006,-0.999500,22.282
16983788700,354,1280,960,0.047083,0.041752,-0.146402,-0.019531,0.000633,0.025104,-0.999494,21.946
17030224200,355,1280,960,0.047139,0.041776,-0.146308,-0.019319,0.000189,0.025075,-0.999499,22.141
17072017800,356,1280,960,0.047282,0.041768,-0.146310,-0.019126,-0.000251,0.024833,-0.999509,22.217
17115087700,357,1280,960,0.047353,0.041816,-0.146233,-0.019065,-0.000401,0.024713,-0.999513,23.266
17150326600,358,1280,960,0.047391,0.041951,-0.146072,-0.018987,-0.000571,0.024648,-0.999516,21.263
17202379800,359,1280,960,0.047581,0.041999,-0.145895,-0.018716,-0.000991,0.024427,-0.999526,21.385
17244533400,360,1280,960,0.047687,0.041904,-0.145922,-0.018976,-0.001291,0.024438,-0.999521,21.099
17285184100,361,1280,960,0.047812,0.041861,-0.145873,-0.019143,-0.001351,0.024964,-0.999504,20.912
17318870200,362,1280,960,0.047835,0.041870,-0.145877,-0.019039,-0.001416,0.025239,-0.999499,20.878
17363698500,363,1280,960,0.048004,0.041848,-0.145835,-0.018985,-0.001845,0.025714,-0.999488,22.598
17406933100,364,1280,960,0.048107,0.041738,-0.145908,-0.019059,-0.002035,0.025875,-0.999481,22.816
17450568300,365,1280,960,0.048064,0.041676,-0.145873,-0.019372,-0.001930,0.025826,-0.999477,21.576
17493999700,366,1280,960,0.048010,0.041718,-0.145881,-0.019189,-0.001697,0.025450,-0.999491,22.244
17532736400,367,1280,960,0.047903,0.041781,-0.145875,-0.018917,-0.001418,0.025456,-0.999496,21.763
17574564000,368,1280,960,0.047806,0.041755,-0.145864,-0.019079,-0.001187,0.025238,-0.999499,24.841
17610707800,369,1280,960,0.047733,0.041751,-0.145869,-0.018983,-0.001191,0.025112,-0.999504,21.976
17643807400,370,1280,960,0.047603,0.041737,-0.145899,-0.019008,-0.001167,0.024881,-0.999509,22.652
17677737700,371,1280,960,0.047579,0.041728,-0.145919,-0.019101,-0.001272,0.024778,-0.999510,21.091
17732480600,372,1280,960,0.047569,0.041837,-0.145985,-0.018760,-0.001211,0.024879,-0.999514,21.404
17782824900,373,1280,960,0.047560,0.041894,-0.146105,-0.018671,-0.001306,0.025013,-0.999512,22.850
17827443800,374,1280,960,0.047514,0.041907,-0.146072,-0.018398,-0.001027,0.024776,-0.999523,21.591
17876203100,375,1280,960,0.047411,0.041889,-0.146173,-0.018570,-0.000723,0.024648,-0.999524,21.469
17918210000,376,1280,960,0.047429,0.041954,-0.146095,-0.018337,-0.000566,0.024520,-0.999531,22.800
17960744900,377,1280,960,0.047500,0.042016,-0.145992,-0.018069,-0.000582,0.024661,-0.999533,22.629
18003315200,378,1280,960,0.047626,0.042063,-0.146104,-0.017857,-0.000947,0.025029,-0.999527,21.797
18044808400,379,1280,960,0.047726,0.042399,-0.145983,-0.016277,-0.001287,0.025303,-0.999547,23.483
18080518400,380,1280,960,0.047566,0.044039,-0.145505,-0.011966,-0.000357,0.026087,-0.999588,21.797
18131243700,381,1280,960,0.047474,0.046958,-0.144662,0.002876,0.001143,0.026301,-0.999649,21.160
18171987800,382,1280,960,0.047441,0.048065,-0.144799,0.006919,0.001510,0.025590,-0.999647,23.022
18216361000,383,1280,960,0.047582,0.048989,-0.144992,0.010555,0.001457,0.024715,-0.999638,21.698
18255097600,384,1280,960,0.047558,0.049611,-0.145209,0.013630,0.001444,0.024499,-0.999606,21.832
18297160400,385,1280,960,0.047538,0.050474,-0.145645,0.018058,0.001987,0.024674,-0.999530,23.266
18341258200,386,1280,960,0.047667,0.051263,-0.146281,0.021924,0.002422,0.024623,-0.999454,21.305
18384064900,387,1280,960,0.047642,0.051841,-0.146877,0.025588,0.002406,0.025234,-0.999351,21.770
18417695500,388,1280,960,0.047700,0.052208,-0.147444,0.027170,0.001991,0.025367,-0.999307,22.091
18466453700,389,1280,960,0.047830,0.053446,-0.148528,0.034613,0.000643,0.024312,-0.999105,20.744
18525681100,390,1280,960,0.047813,0.054940,-0.149659,0.042850,-0.000551,0.023789,-0.998798,21.854
18568825800,391,1280,960,0.047812,0.056360,-0.150557,0.050592,-0.000593,0.023303,-0.998447,22.224
18612230700,392,1280,960,0.047669,0.058429,-0.152001,0.061905,-0.000405,0.022704,-0.997824,25.066
18648134700,393,1280,960,0.047622,0.059495,-0.152766,0.068038,-0.000085,0.022121,-0.997438,21.664
18682490900,394,1280,960,0.047508,0.060446,-0.153590,0.073140,0.000190,0.021117,-0.997098,23.090
18716692200,395,1280,960,0.047309,0.061728,-0.154702,0.080541,0.000608,0.019938,-0.996552,22.545
18749903400,396,1280,960,0.047183,0.062937,-0.155172,0.087088,0.000992,0.019271,-0.996014,21.385
18793316300,397,1280,960,0.047009,0.065013,-0.156187,0.099299,0.000902,0.017978,-0.994895,23.167
18837132400,398,1280,960,0.046713,0.067138,-0.156707,0.110253,0.000412,0.016922,-0.993760,22.663
18872738100,399,1280,960,0.046756,0.068546,-0.157131,0.118154,0.000077,0.016743,-0.992854,21.217
18924791100,400,1280,960,0.046883,0.071219,-0.157994,0.133806,-0.001651,0.016262,-0.990873,21.412
18966885000,401,1280,960,0.047033,0.072811,-0.158605,0.142891,-0.003312,0.016329,-0.989598,21.198
19008434400,402,1280,960,0.047262,0.073956,-0.159248,0.150255,-0.004682,0.016250,-0.988503,21.881
19067491400,403,1280,960,0.047297,0.075899,-0.159647,0.161042,-0.005533,0.015745,-0.986807,21.927
19111079100,404,1280,960,0.047320,0.076580,-0.160198,0.164487,-0.005475,0.015555,-0.986242,22.083
19152381700,405,1280,960,0.047348,0.076525,-0.160698,0.164757,-0.004889,0.015923,-0.986194,22.686
19196111900,406,1280,960,0.047198,0.076498,-0.160907,0.163832,-0.003988,0.016117,-0.986349,22.888
19241254000,407,1280,960,0.047271,0.076014,-0.161042,0.161606,-0.003490,0.016602,-0.986710,22.827
19275709300,408,1280,960,0.047324,0.075760,-0.160936,0.160772,-0.003300,0.017070,-0.986838,21.286
19326740200,409,1280,960,0.047059,0.075552,-0.160377,0.158039,-0.003837,0.018037,-0.987261,21.450
19369349200,410,1280,960,0.047140,0.075031,-0.159865,0.154675,-0.004942,0.019077,-0.987769,22.961
19403575900,411,1280,960,0.047068,0.074815,-0.159217,0.153592,-0.006536,0.020051,-0.987909,21.053
19446368900,412,1280,960,0.046951,0.073860,-0.157765,0.147918,-0.009000,0.019599,-0.988765,22.491
19481022000,413,1280,960,0.046962,0.073290,-0.156983,0.144146,-0.009605,0.019928,-0.989309,22.186
19514209400,414,1280,960,0.047014,0.072430,-0.156109,0.140129,-0.009982,0.019990,-0.989881,22.312
19558131300,415,1280,960,0.047042,0.070651,-0.153770,0.129666,-0.011457,0.020756,-0.991274,21.687
19599684900,416,1280,960,0.046969,0.069512,-0.152007,0.124696,-0.012661,0.021497,-0.991881,22.320
19638846000,417,1280,960,0.046868,0.068748,-0.150943,0.120819,-0.012695,0.020922,-0.992373,21.683
19682218900,418,1280,960,0.046484,0.067572,-0.148440,0.116059,-0.011378,0.020339,-0.992969,22.083
19724426600,419,1280,960,0.046232,0.067049,-0.146921,0.115786,-0.007493,0.019036,-0.993064,23.293
19767990800,420,1280,960,0.046130,0.066557,-0.145728,0.115317,-0.003709,0.019965,-0.993121,21.832
19809094200,421,1280,960,0.046258,0.066294,-0.144848,0.113688,-0.000530,0.020680,-0.993301,23.830
19845657100,422,1280,960,0.046327,0.066209,-0.144493,0.114057,0.000784,0.021292,-0.993246,21.297
19878402600,423,1280,960,0.046549,0.066179,-0.144340,0.114243,0.002383,0.022209,-0.993202,21.477
19919208800,424,1280,960,0.046977,0.065961,-0.144237,0.114057,0.003164,0.022709,-0.993210,22.507
19961995300,425,1280,960,0.047401,0.065348,-0.145160,0.111101,0.003289,0.023219,-0.993532,24.075
19997322700,426,1280,960,0.047782,0.065344,-0.145524,0.111304,0.003042,0.023002,-0.993516,20.588
20047144000,427,1280,960,0.048696,0.065742,-0.145978,0.112983,0.001595,0.022809,-0.993334,21.950
20089819400,428,1280,960,0.049412,0.065653,-0.146264,0.110653,0.002077,0.022458,-0.993603,21.801
20133288800,429,1280,960,0.050175,0.064325,-0.146112,0.102555,0.003304,0.023944,-0.994434,21.725
20175009100,430,1280,960,0.050661,0.062961,-0.145534,0.094724,0.002975,0.028607,-0.995088,21.141
20216404000,431,1280,960,0.051035,0.061498,-0.145006,0.086789,0.002790,0.029170,-0.995796,21.755
20250612900,432,1280,960,0.051164,0.060505,-0.144506,0.083591,0.003441,0.028479,-0.996087,21.599
20293921400,433,1280,960,0.051084,0.058318,-0.143838,0.073581,0.006029,0.027894,-0.996881,23.155
20338306800,434,1280,960,0.050820,0.056694,-0.143892,0.064088,0.009068,0.028671,-0.997491,21.843
20379400400,435,1280,960,0.050400,0.055557,-0.143868,0.056756,0.011347,0.029137,-0.997898,21.919
20424519600,436,1280,960,0.050143,0.055035,-0.143740,0.055001,0.011758,0.029141,-0.997992,21.221
20466260900,437,1280,960,0.050047,0.054383,-0.143759,0.051538,0.010679,0.028144,-0.998217,21.599
20508693200,438,1280,960,0.050270,0.053121,-0.143893,0.046135,0.009809,0.025386,-0.998564,20.634
20549124300,439,1280,960,0.050348,0.051348,-0.143983,0.037548,0.009229,0.024539,-0.998951,21.374
20602524000,440,1280,960,0.050435,0.048023,-0.143567,0.020587,0.008331,0.024703,-0.999448,20.809
20637429200,441,1280,960,0.050373,0.046561,-0.142517,0.014704,0.007844,0.024615,-0.999558,20.958
20683168200,442,1280,960,0.050586,0.042827,-0.140941,-0.003155,0.006304,0.025131,-0.999659,22.488
20726102000,443,1280,960,0.050915,0.040232,-0.139347,-0.017149,0.005213,0.025843,-0.999505,22.129
20768828800,444,1280,960,0.051256,0.037287,-0.137595,-0.032542,0.003726,0.027096,-0.999096,21.778
20813833200,445,1280,960,0.051526,0.035425,-0.136095,-0.042970,0.002708,0.026390,-0.998724,21.416
20847593700,446,1280,960,0.052142,0.032672,-0.133562,-0.056554,0.000321,0.025220,-0.998081,21.862
20890248000,447,1280,960,0.053639,0.029652,-0.130203,-0.074299,-0.005509,0.025978,-0.996882,23.582
20934739800,448,1280,960,0.056440,0.028549,-0.126985,-0.078016,-0.019435,0.026521,-0.996410,23.151
20977242200,449,1280,960,0.061796,0.027926,-0.124156,-0.080056,-0.047682,0.026263,-0.995303,21.633
21022151200,450,1280,960,0.071453,0.028630,-0.121856,-0.072885,-0.100720,0.023014,-0.991975,20.836
21063535700,451,1280,960,0.083121,0.029168,-0.121557,-0.066576,-0.162676,0.015626,-0.984307,20.470
21103604800,452,1280,960,0.094850,0.029421,-0.122477,-0.061582,-0.221403,0.011035,-0.973174,22.697
21138846300,453,1280,960,0.101006,0.029188,-0.123238,-0.061361,-0.247678,0.006240,-0.966877,22.171
21182447900,454,1280,960,0.108796,0.028158,-0.123036,-0.060468,-0.272419,0.013268,-0.960185,22.797
21216544300,455,1280,960,0.112032,0.027867,-0.122610,-0.059642,-0.275478,0.018963,-0.959268,21.214
21258829000,456,1280,960,0.115528,0.027699,-0.121570,-0.058466,-0.272900,0.022126,-0.960009,21.778
21300877300,457,1280,960,0.117964,0.028060,-0.120692,-0.056925,-0.266912,0.025237,-0.961707,21.008
21342577200,458,1280,960,0.118941,0.028718,-0.119322,-0.054639,-0.254793,0.027837,-0.965049,21.339
21380463900,459,1280,960,0.118645,0.029944,-0.117558,-0.049658,-0.236192,0.033672,-0.969852,22.778
21414110700,460,1280,960,0.116858,0.031195,-0.115887,-0.042619,-0.215148,0.038883,-0.974876,21.278
21466226600,461,1280,960,0.109953,0.034212,-0.112591,-0.028172,-0.161134,0.055951,-0.984943,21.572
21508175000,462,1280,960,0.102747,0.036941,-0.111054,-0.013843,-0.113148,0.073426,-0.990765,20.737
21549873700,463,1280,960,0.096709,0.039211,-0.110907,-0.004293,-0.075979,0.080931,-0.993810,21.164
21583294900,464,1280,960,0.093205,0.040097,-0.111069,0.000256,-0.057279,0.082765,-0.994922,21.122
21641104100,465,1280,960,0.086842,0.041364,-0.113011,0.005057,-0.030441,0.074001,-0.996781,22.842
21683555500,466,1280,960,0.083262,0.041789,-0.114572,0.005023,-0.020854,0.069599,-0.997344,21.278
21724768600,467,1280,960,0.080069,0.042323,-0.116073,0.006474,-0.014836,0.064442,-0.997790,22.026
21759351400,468,1280,960,0.077924,0.042600,-0.117074,0.007365,-0.010530,0.060813,-0.998066,21.336
21810934500,469,1280,960,0.074107,0.043361,-0.118805,0.010058,-0.004684,0.054813,-0.998435,22.095
21845800500,470,1280,960,0.072429,0.043779,-0.119657,0.011085,-0.001902,0.051850,-0.998592,22.625
21892199700,471,1280,960,0.069088,0.044267,-0.121131,0.011901,0.002871,0.047006,-0.998820,23.067
21926736300,472,1280,960,0.067686,0.044446,-0.121744,0.011956,0.004587,0.044843,-0.998912,21.229
21960273100,473,1280,960,0.066412,0.044559,-0.122134,0.012285,0.006717,0.042205,-0.999011,22.541
22003529100,474,1280,960,0.064353,0.044525,-0.123149,0.011246,0.010303,0.039248,-0.999113,22.034
22045400100,475,1280,960,0.063085,0.044300,-0.123946,0.008730,0.013099,0.036897,-0.999195,23.640
22080153500,476,1280,960,0.062261,0.044058,-0.124450,0.007167,0.014647,0.036751,-0.999192,21.599
22131382700,477,1280,960,0.060557,0.042773,-0.125536,-0.001288,0.018170,0.036270,-0.999176,23.155
22167032400,478,1280,960,0.059738,0.042275,-0.126059,-0.004962,0.020248,0.034978,-0.999171,21.851
22209392400,479,1280,960,0.058131,0.041074,-0.127529,-0.012179,0.023858,0.032652,-0.999108,21.721
22252486800,480,1280,960,0.057474,0.041176,-0.128090,-0.012225,0.025298,0.030789,-0.999131,22.945
22296376700,481,1280,960,0.057021,0.041308,-0.128930,-0.011274,0.025494,0.029485,-0.999177,22.694
22345089100,482,1280,960,0.057106,0.041949,-0.129705,-0.008218,0.025087,0.028654,-0.999241,20.699
22395278000,483,1280,960,0.057616,0.042939,-0.130186,-0.003842,0.023603,0.028222,-0.999316,21.084
22457525900,484,1280,960,0.058195,0.043945,-0.131080,-0.001303,0.021658,0.028647,-0.999354,22.720
22499721100,485,1280,960,0.058459,0.044386,-0.131226,0.000768,0.020819,0.028438,-0.999379,21.919
22545910700,486,1280,960,0.058480,0.044791,-0.131434,0.002682,0.020584,0.028321,-0.999383,22.579
22579723100,487,1280,960,0.058352,0.044873,-0.131402,0.003567,0.020545,0.028545,-0.999375,21.194
22632051800,488,1280,960,0.057949,0.044903,-0.131378,0.003856,0.020496,0.028131,-0.999387,22.160
22665548800,489,1280,960,0.057801,0.045071,-0.131606,0.004205,0.019858,0.028173,-0.999397,21.172
22711644700,490,1280,960,0.057105,0.044964,-0.131843,0.003672,0.018128,0.028803,-0.999414,21.862
22745472000,491,1280,960,0.056566,0.044825,-0.132026,0.003482,0.017146,0.029222,-0.999420,20.653
22796317400,492,1280,960,0.055251,0.044757,-0.132059,0.005557,0.015602,0.029292,-0.999434,22.766
22840872100,493,1280,960,0.054426,0.044909,-0.131628,0.006853,0.014621,0.028626,-0.999460,20.939
22883163600,494,1280,960,0.053712,0.044974,-0.131334,0.006308,0.016435,0.023685,-0.999565,21.515
22917220000,495,1280,960,0.053354,0.045069,-0.131436,0.005802,0.018356,0.022722,-0.999557,21.889
22960106500,496,1280,960,0.052566,0.045192,-0.130591,0.006455,0.021150,0.021629,-0.999522,22.896
23004320500,497,1280,960,0.052194,0.044995,-0.130085,0.005279,0.021926,0.020124,-0.999543,22.465
23046753500,498,1280,960,0.052141,0.044634,-0.129700,0.004239,0.022050,0.019445,-0.999559,22.766
23081799500,499,1280,960,0.052247,0.044566,-0.129392,0.004169,0.021484,0.019757,-0.999565,21.717
23115365000,500,1280,960,0.052461,0.044423,-0.129041,0.003581,0.020183,0.020238,-0.999585,23.197
23149071200,501,1280,960,0.052628,0.044295,-0.129411,0.002868,0.019549,0.020620,-0.999592,20.988
23200486700,502,1280,960,0.052761,0.043968,-0.129472,0.001959,0.018071,0.021967,-0.999594,22.854
23234571800,503,1280,960,0.052742,0.043902,-0.129556,0.001727,0.017654,0.022593,-0.999587,22.079
23278422600,504,1280,960,0.052414,0.043757,-0.129864,0.001318,0.016298,0.023736,-0.999585,23.232
23313643200,505,1280,960,0.052397,0.043859,-0.129973,0.002290,0.015674,0.023709,-0.999593,21.763
23355489200,506,1280,960,0.052382,0.043910,-0.130269,0.002671,0.014625,0.023547,-0.999612,21.358
23397852400,507,1280,960,0.052302,0.044082,-0.131073,0.002412,0.013738,0.023372,-0.999630,21.507
23449816500,508,1280,960,0.052113,0.044282,-0.131480,0.003877,0.013276,0.023420,-0.999630,22.652
23495060300,509,1280,960,0.051878,0.044493,-0.131779,0.005161,0.013171,0.023619,-0.999621,21.149
23536630200,510,1280,960,0.051639,0.044796,-0.132144,0.006785,0.012737,0.023344,-0.999623,21.610
23588840200,511,1280,960,0.051269,0.045364,-0.132643,0.010105,0.012242,0.023089,-0.999607,22.640
23631181000,512,1280,960,0.051204,0.046806,-0.133077,0.016459,0.011370,0.022755,-0.999541,21.378
23675313700,513,1280,960,0.051081,0.048715,-0.133300,0.026020,0.009739,0.021828,-0.999376,21.690
23716976600,514,1280,960,0.051052,0.052646,-0.133224,0.045534,0.008114,0.020683,-0.998716,20.702
23758837700,515,1280,960,0.051301,0.056633,-0.133835,0.069335,0.006413,0.019620,-0.997380,20.859
23800209500,516,1280,960,0.051211,0.059385,-0.134919,0.083455,0.005289,0.018511,-0.996326,21.172
23847844500,517,1280,960,0.051160,0.060955,-0.136301,0.091885,0.005381,0.017407,-0.995603,22.419
23891118000,518,1280,960,0.051126,0.062158,-0.138191,0.098577,0.006162,0.017287,-0.994960,22.381
23928142200,519,1280,960,0.051098,0.062493,-0.138943,0.100800,0.006196,0.017315,-0.994737,21.076
23979891300,520,1280,960,0.051016,0.062853,-0.140331,0.103054,0.005629,0.017639,-0.994504,25.295
24018573100,521,1280,960,0.050968,0.062864,-0.141254,0.103090,0.004784,0.017325,-0.994510,31.361
24069456800,522,1280,960,0.050998,0.062826,-0.142075,0.102932,0.003511,0.017602,-0.994526,29.026
24111993600,523,1280,960,0.050838,0.062604,-0.142574,0.101251,0.001982,0.018627,-0.994685,29.995
24155878200,524,1280,960,0.050952,0.061589,-0.143123,0.095952,0.000267,0.019992,-0.995185,29.800
24199720000,525,1280,960,0.051330,0.058595,-0.143902,0.079993,-0.003593,0.020852,-0.996571,29.953
24243344500,526,1280,960,0.051873,0.055184,-0.144268,0.062159,-0.008295,0.020919,-0.997813,28.225
24284756100,527,1280,960,0.052622,0.053001,-0.144136,0.048464,-0.014513,0.020904,-0.998501,29.118
24327210500,528,1280,960,0.053306,0.051825,-0.143467,0.043905,-0.020305,0.021508,-0.998598,29.083
24371341900,529,1280,960,0.053790,0.050619,-0.142667,0.036928,-0.025416,0.021690,-0.998759,29.182
24413946400,530,1280,960,0.054482,0.049612,-0.142107,0.030841,-0.030163,0.020771,-0.998853,29.556
24456870200,531,1280,960,0.054872,0.048575,-0.141171,0.025250,-0.034372,0.019591,-0.998898,30.022
24501084500,532,1280,960,0.055146,0.048030,-0.140085,0.022410,-0.037235,0.018858,-0.998877,32.337
24548440800,533,1280,960,0.055482,0.047747,-0.138760,0.019440,-0.038947,0.018408,-0.998883,30.586
24592498400,534,1280,960,0.055645,0.047442,-0.137687,0.018326,-0.038648,0.018002,-0.998923,29.091
24653011900,535,1280,960,0.055746,0.046764,-0.136574,0.014167,-0.038180,0.018238,-0.999004,30.148
24696920300,536,1280,960,0.055844,0.046071,-0.135752,0.011447,-0.038306,0.018267,-0.999034,30.098
24742040400,537,1280,960,0.055824,0.045444,-0.134789,0.009162,-0.038985,0.018907,-0.999019,29.831
24786128600,538,1280,960,0.055534,0.045089,-0.134509,0.006645,-0.038972,0.019213,-0.999034,29.358
24829009000,539,1280,960,0.055357,0.044975,-0.134189,0.006461,-0.040012,0.019374,-0.998991,29.438
24871612100,540,1280,960,0.055376,0.044804,-0.134022,0.005666,-0.042526,0.019398,-0.998891,29.526
24921146200,541,1280,960,0.055693,0.044541,-0.134049,0.003780,-0.046733,0.019074,-0.998718,30.983
24965964700,542,1280,960,0.056657,0.044194,-0.133909,0.002160,-0.056822,0.019776,-0.998186,28.961
25008388600,543,1280,960,0.058538,0.043943,-0.133470,0.000417,-0.067583,0.018213,-0.997547,29.415
25051726800,544,1280,960,0.061037,0.043374,-0.132856,-0.001292,-0.083749,0.020051,-0.996284,29.354
25094748600,545,1280,960,0.064249,0.042661,-0.131937,-0.002865,-0.105999,0.021560,-0.994128,28.996
25137176300,546,1280,960,0.067248,0.041472,-0.130756,-0.008443,-0.125829,0.021608,-0.991781,28.915
25180129500,547,1280,960,0.069442,0.040146,-0.129178,-0.014573,-0.140655,0.022144,-0.989704,29.858
25226160900,548,1280,960,0.070656,0.038826,-0.127117,-0.019941,-0.148524,0.023357,-0.988432,30.640
25270060500,549,1280,960,0.071570,0.036903,-0.124140,-0.026333,-0.155254,0.025363,-0.987198,29.160
25312638100,550,1280,960,0.072472,0.034813,-0.122796,-0.034076,-0.162311,0.029890,-0.985698,29.934
25355781200,551,1280,960,0.074230,0.032934,-0.122002,-0.043278,-0.171802,0.028827,-0.983758,29.789
25398802200,552,1280,960,0.075935,0.031240,-0.121046,-0.047715,-0.180484,0.028647,-0.982002,28.645
25440456900,553,1280,960,0.077233,0.029183,-0.120824,-0.054965,-0.186209,0.029882,-0.980516,30.006
25486284500,554,1280,960,0.078914,0.027983,-0.120752,-0.058754,-0.191515,0.030458,-0.979256,30.487
25529917100,555,1280,960,0.081388,0.027190,-0.121156,-0.062122,-0.200059,0.032635,-0.977268,30.621
25574196800,556,1280,960,0.086152,0.026511,-0.122520,-0.064008,-0.216039,0.035182,-0.973649,30.037
25618070000,557,1280,960,0.090485,0.025379,-0.124002,-0.069176,-0.230767,0.036222,-0.969871,29.640
25661982600,558,1280,960,0.094604,0.023455,-0.125749,-0.078836,-0.244372,0.036563,-0.965780,29.068
25704698900,559,1280,960,0.098259,0.020842,-0.127315,-0.089483,-0.253154,0.035574,-0.962622,29.449
25747839000,560,1280,960,0.100877,0.017851,-0.128847,-0.101961,-0.256505,0.037170,-0.960431,28.740
25792178200,561,1280,960,0.103466,0.015355,-0.129621,-0.112072,-0.260758,0.040244,-0.958032,29.854
25835268500,562,1280,960,0.106259,0.012461,-0.129445,-0.123601,-0.262769,0.038457,-0.956136,31.475
25880523600,563,1280,960,0.109106,0.008425,-0.128094,-0.139547,-0.270744,0.047537,-0.951296,29.415
25923545900,564,1280,960,0.111007,0.006057,-0.126450,-0.148831,-0.273383,0.047450,-0.949136,28.393
